time,ax,ay,az,gx,gy,gz,mx,my,mz,normAccel,normGyr,posAngX,posAngY,posAngZ
213.0,9.93,-0.11,0.13,0.0,-0.0,-0.0,-33.75,2.07,-95.48,9.931460114202746,0.0,0.0,0.0,0.0
241.0,9.95,-0.09,0.12,0.0,-0.0,0.0,-33.75,2.07,-95.48,9.951130589033589,0.0,0.0,0.0,0.0
268.0,9.93,-0.11,0.09,0.0,-0.0,0.0,-33.23,2.59,-96.64,9.93101706775293,0.0,0.0,0.0,0.0
295.0,9.95,-0.13,0.18,-0.0,-0.0,-0.0,-33.23,2.59,-96.64,9.952477078597067,0.0,0.0,0.0,0.0
323.0,9.92,-0.11,0.14,-0.0,-0.0,-0.0,-33.23,2.59,-96.64,9.92159765360398,0.0,0.0,0.0,0.0
351.0,9.94,-0.11,0.15,0.0,0.0,-0.0,-33.23,2.59,-96.64,9.94174029031135,0.0,0.0,0.0,0.0
379.0,9.93,-0.11,0.12,0.0,0.0,0.0,-34.27,3.63,-95.98,9.931334250743955,0.0,0.0,0.0,0.0
406.0,9.92,-0.11,0.12,0.0,-0.0,0.0,-34.27,3.63,-95.98,9.921335595573813,0.0,0.0,0.0,0.0
433.0,9.95,-0.12,0.13,0.0,0.0,-0.0,-34.27,3.63,-95.98,9.951572740024563,0.0,0.0,0.0,0.0
461.0,9.94,-0.11,0.14,0.0,-0.0,0.0,-34.27,3.63,-95.98,9.94159443952528,0.0,0.0,0.0,0.0
489.0,9.95,-0.11,0.14,-0.0,-0.0,0.0,-34.27,3.63,-95.98,9.951592837330113,0.0,0.0,0.0,0.0
517.0,9.94,-0.11,0.13,-0.0,0.0,-0.0,-34.09,3.11,-95.81,9.941458645490611,0.0,0.0,0.0,0.0
544.0,9.94,-0.11,0.12,0.0,0.0,0.0,-34.09,3.11,-95.81,9.941332908619447,0.0,0.0,0.0,0.0
572.0,9.94,-0.11,0.13,0.0,0.0,-0.0,-34.09,3.11,-95.81,9.941458645490611,0.0,0.0,0.0,0.0
599.0,9.93,-0.11,0.14,0.0,-0.0,-0.0,-34.09,3.11,-95.81,9.931596044946653,0.0,0.0,0.0,0.0
627.0,9.93,-0.11,0.12,0.0,0.0,-0.0,-32.72,3.8,-96.14,9.931334250743955,0.0,0.0,0.0,0.0
654.0,9.93,-0.12,0.14,-0.0,0.0,-0.0,-32.72,3.8,-96.14,9.931711836335165,0.0,0.0,0.0,0.0
682.0,9.92,-0.1,0.12,-0.0,0.0,-0.0,-32.72,3.8,-96.14,9.921229762484085,0.0,0.0,0.0,0.0
710.0,9.95,-0.11,0.13,-0.0,0.0,-0.0,-32.72,3.8,-96.14,9.951457179730012,0.0,0.0,0.0,0.0
737.0,9.93,-0.1,0.13,0.0,0.0,-0.0,-32.72,3.8,-96.14,9.931354389004554,0.0,0.0,0.0,0.0
764.0,9.94,-0.11,0.13,-0.0,0.0,-0.0,-34.61,2.94,-95.98,9.941458645490611,0.0,0.0,0.0,0.0
792.0,9.93,-0.12,0.14,0.0,0.0,-0.0,-34.61,2.94,-95.98,9.931711836335165,0.0,0.0,0.0,0.0
820.0,9.94,-0.11,0.15,-0.0,0.0,0.0,-34.61,2.94,-95.98,9.94174029031135,0.0,0.0,0.0,0.0
847.0,9.94,-0.11,0.15,0.0,0.0,0.0,-34.61,2.94,-95.98,9.94174029031135,0.0,0.0,0.0,0.0
875.0,9.93,-0.11,0.12,0.0,0.0,0.0,-34.61,3.97,-95.98,9.931334250743955,0.0,0.0,0.0,0.0
902.0,9.93,-0.11,0.14,-0.0,0.0,-0.0,-34.61,3.97,-95.98,9.931596044946653,0.0,0.0,0.0,0.0
930.0,9.93,-0.11,0.14,-0.0,0.0,0.0,-34.61,3.97,-95.98,9.931596044946653,0.0,0.0,0.0,0.0
958.0,9.94,-0.11,0.17,0.0,0.0,-0.0,-34.61,3.97,-95.98,9.942062160336757,0.0,0.0,0.0,0.0
985.0,9.94,-0.12,0.14,-0.0,0.0,0.0,-34.61,3.97,-95.98,9.941710114462198,0.0,0.0,0.0,0.0
1013.0,9.94,-0.11,0.13,-0.0,0.0,-0.0,-33.75,3.11,-95.81,9.941458645490611,0.0,0.0,0.0,0.0
1040.0,9.93,-0.11,0.14,-0.0,0.0,-0.0,-33.75,3.11,-95.81,9.931596044946653,0.0,0.0,0.0,0.0
1068.0,9.96,-0.11,0.15,0.0,0.0,-0.0,-33.75,3.11,-95.81,9.96173679636237,0.0,0.0,0.0,0.0
1095.0,9.95,-0.12,0.15,0.0,0.0,0.0,-33.75,3.11,-95.81,9.95185409860896,0.0,0.0,0.0,0.0
1123.0,9.95,-0.12,0.13,-0.0,0.0,-0.0,-33.23,3.28,-96.98,9.951572740024563,0.0,0.0,0.0,0.0
1151.0,9.95,-0.11,0.13,0.0,0.0,-0.0,-33.23,3.28,-96.98,9.951457179730012,0.0,0.0,0.0,0.0
1178.0,9.94,-0.11,0.15,0.0,0.0,0.0,-33.23,3.28,-96.98,9.94174029031135,0.0,0.0,0.0,0.0
1205.0,9.93,-0.11,0.15,-0.0,0.0,0.0,-33.23,3.28,-96.98,9.931742042562322,0.0,0.0,0.0,0.0
1233.0,9.93,-0.11,0.13,-0.0,0.0,-0.0,-33.23,3.28,-96.98,9.931460114202746,0.0,0.0,0.0,0.0
1261.0,9.93,-0.12,0.12,-0.0,0.0,0.0,-33.23,4.67,-95.98,9.931450045184741,0.0,0.0,0.0,0.0
1289.0,9.95,-0.11,0.15,-0.0,0.0,0.0,-33.23,4.67,-95.98,9.951738541581566,0.0,0.0,0.0,0.0
1316.0,9.94,-0.11,0.15,0.0,0.0,0.0,-33.23,4.67,-95.98,9.94174029031135,0.0,0.0,0.0,0.0
1343.0,9.95,-0.11,0.13,0.0,0.0,-0.0,-33.23,4.67,-95.98,9.951457179730012,0.0,0.0,0.0,0.0
1371.0,9.93,-0.13,0.14,0.0,0.0,0.0,-33.23,4.67,-95.98,9.931837695008916,0.0,0.0,0.0,0.0
1399.0,9.94,-0.1,0.13,0.0,0.0,-0.0,-35.3,4.32,-96.64,9.941353026625702,0.0,0.0,0.0,0.0
1426.0,9.93,-0.12,0.15,0.0,0.0,-0.0,-35.3,4.32,-96.64,9.931857832248706,0.0,0.0,0.0,0.0
1454.0,9.94,-0.11,0.14,0.0,0.0,-0.0,-35.3,4.32,-96.64,9.94159443952528,0.0,0.0,0.0,0.0
1481.0,9.94,-0.11,0.16,0.0,-0.0,0.0,-35.3,4.32,-96.64,9.941896197406207,0.0,0.0,0.0,0.0
1509.0,9.94,-0.11,0.14,0.0,0.0,-0.0,-33.75,4.15,-94.81,9.94159443952528,0.0,0.0,0.0,0.0
1536.0,9.93,-0.11,0.13,-0.0,0.0,0.0,-33.75,4.15,-94.81,9.931460114202746,0.0,0.0,0.0,0.0
1564.0,9.94,-0.11,0.12,-0.0,0.0,-0.0,-33.75,4.15,-94.81,9.941332908619447,0.0,0.0,0.0,0.0
1592.0,9.95,-0.11,0.17,-0.0,0.0,0.0,-33.75,4.15,-94.81,9.952060088243035,0.0,0.0,0.0,0.0
1619.0,9.94,-0.12,0.13,0.0,0.0,-0.0,-34.27,3.28,-95.98,9.941574322007556,0.0,0.0,0.0,0.0
1647.0,9.93,-0.12,0.12,0.0,0.0,-0.0,-34.27,3.28,-95.98,9.931450045184741,0.0,0.0,0.0,0.0
1674.0,9.92,-0.11,0.15,-0.0,0.0,0.0,-34.27,3.28,-95.98,9.921743798345128,0.0,0.0,0.0,0.0
1702.0,9.94,-0.12,0.14,0.0,0.0,0.0,-34.27,3.28,-95.98,9.941710114462198,0.0,0.0,0.0,0.0
1730.0,9.93,-0.12,0.16,0.0,0.0,-0.0,-34.27,3.28,-95.98,9.932013894472762,0.0,0.0,0.0,0.0
1757.0,9.95,-0.12,0.12,0.0,0.0,-0.0,-34.09,3.8,-96.81,9.951447130945327,0.0,0.0,0.0,0.0
1785.0,9.96,-0.11,0.14,0.0,0.0,-0.0,-34.09,3.8,-96.81,9.961591238351431,0.0,0.0,0.0,0.0
1813.0,9.93,-0.11,0.14,0.0,0.0,0.0,-34.09,3.8,-96.81,9.931596044946653,0.0,0.0,0.0,0.0
1841.0,9.94,-0.11,0.14,-0.0,0.0,-0.0,-34.09,3.8,-96.81,9.94159443952528,0.0,0.0,0.0,0.0
1868.0,9.93,-0.11,0.15,0.0,0.0,-0.0,-34.09,3.8,-96.81,9.931742042562322,0.0,0.0,0.0,0.0
1896.0,9.93,-0.11,0.14,0.0,0.0,0.0,-33.75,3.11,-96.48,9.931596044946653,0.0,0.0,0.0,0.0
1923.0,9.94,-0.12,0.13,-0.0,0.0,0.0,-33.75,3.11,-96.48,9.941574322007556,0.0,0.0,0.0,0.0
1951.0,9.93,-0.11,0.15,-0.0,0.0,-0.0,-33.75,3.11,-96.48,9.931742042562322,0.0,0.0,0.0,0.0
1978.0,9.94,-0.11,0.14,-0.0,0.0,0.0,-33.75,3.11,-96.48,9.94159443952528,0.0,0.0,0.0,0.0
2006.0,9.93,-0.11,0.12,0.0,0.0,-0.0,-34.96,3.28,-95.64,9.931334250743955,0.0,0.0,0.0,0.0
2033.0,9.93,-0.11,0.13,0.0,0.0,0.0,-34.96,3.28,-95.64,9.931460114202746,0.0,0.0,0.0,0.0
2061.0,9.95,-0.12,0.15,0.0,0.0,-0.0,-34.96,3.28,-95.64,9.95185409860896,0.0,0.0,0.0,0.0
2089.0,9.94,-0.11,0.14,0.0,0.0,-0.0,-34.96,3.28,-95.64,9.94159443952528,0.0,0.0,0.0,0.0
2117.0,9.94,-0.12,0.14,0.0,0.0,-0.0,-34.09,3.46,-96.48,9.941710114462198,0.0,0.0,0.0,0.0
2145.0,9.94,-0.12,0.13,0.0,0.0,0.0,-34.09,3.46,-96.48,9.941574322007556,0.0,0.0,0.0,0.0
2173.0,9.94,-0.12,0.15,0.0,0.0,-0.0,-34.09,3.46,-96.48,9.941855963551271,0.0,0.0,0.0,0.0
2200.0,9.92,-0.1,0.14,0.0,0.0,-0.0,-34.09,3.46,-96.48,9.921491823309639,0.0,0.0,0.0,0.0
2228.0,9.95,-0.11,0.12,-0.0,-0.0,-0.0,-34.09,3.46,-96.48,9.951331569192135,0.0,0.0,0.0,0.0
2255.0,9.93,-0.12,0.11,-0.0,0.0,0.0,-34.96,2.59,-97.64,9.931334250743955,0.0,0.0,0.0,0.0
2283.0,9.93,-0.1,0.14,-0.0,0.0,-0.0,-34.96,2.59,-97.64,9.931490321195506,0.0,0.0,0.0,0.0
2311.0,9.93,-0.11,0.16,0.0,0.0,0.0,-34.96,2.59,-97.64,9.931898106605807,0.0,0.0,0.0,0.0
2339.0,9.93,-0.12,0.16,0.0,0.0,-0.0,-34.96,2.59,-97.64,9.932013894472762,0.0,0.0,0.0,0.0
2366.0,9.94,-0.1,0.17,0.0,0.0,-0.0,-34.96,2.59,-97.64,9.941956547883319,0.0,0.0,0.0,0.0
2394.0,9.93,-0.11,0.13,-0.0,0.0,0.0,-34.78,3.11,-96.81,9.931460114202746,0.0,0.0,0.0,0.0
2422.0,9.94,-0.1,0.13,-0.0,0.0,0.0,-34.78,3.11,-96.81,9.941353026625702,0.0,0.0,0.0,0.0
2450.0,9.94,-0.12,0.13,0.0,0.0,0.0,-34.78,3.11,-96.81,9.941574322007556,0.0,0.0,0.0,0.0
2477.0,9.94,-0.11,0.16,0.0,0.0,-0.0,-34.78,3.11,-96.81,9.941896197406207,0.0,0.0,0.0,0.0
2505.0,9.93,-0.11,0.13,0.0,0.0,-0.0,-33.23,3.28,-96.31,9.931460114202746,0.0,0.0,0.0,0.0
2532.0,9.94,-0.11,0.13,0.0,0.0,-0.0,-33.23,3.28,-96.31,9.941458645490611,0.0,0.0,0.0,0.0
2560.0,9.94,-0.11,0.13,0.0,0.0,-0.0,-33.23,3.28,-96.31,9.941458645490611,0.0,0.0,0.0,0.0
2588.0,9.94,-0.11,0.16,0.0,0.0,-0.0,-33.23,3.28,-96.31,9.941896197406207,0.0,0.0,0.0,0.0
2615.0,9.93,-0.12,0.13,-0.0,0.0,-0.0,-33.23,3.28,-96.31,9.931575907176061,0.0,0.0,0.0,0.0
2643.0,9.94,-0.11,0.12,0.0,0.0,-0.0,-34.27,3.28,-95.98,9.941332908619447,0.0,0.0,0.0,0.0
2670.0,9.93,-0.11,0.14,0.0,0.0,-0.0,-34.27,3.28,-95.98,9.931596044946653,0.0,0.0,0.0,0.0
2698.0,9.94,-0.11,0.14,0.0,0.0,0.0,-34.27,3.28,-95.98,9.94159443952528,0.0,0.0,0.0,0.0
2726.0,9.93,-0.12,0.15,0.0,0.0,0.0,-34.27,3.28,-95.98,9.931857832248706,0.0,0.0,0.0,0.0
2754.0,9.95,-0.11,0.13,-0.0,0.0,-0.0,-33.41,3.46,-95.81,9.951457179730012,0.0,0.0,0.0,0.0
2781.0,9.94,-0.12,0.15,0.0,0.0,-0.0,-33.41,3.46,-95.81,9.941855963551271,0.0,0.0,0.0,0.0
2809.0,9.95,-0.1,0.14,0.0,-0.0,-0.0,-33.41,3.46,-95.81,9.95148732602318,0.0,0.0,0.0,0.0
2836.0,9.95,-0.11,0.14,0.0,0.0,-0.0,-33.41,3.46,-95.81,9.951592837330113,0.0,0.0,0.0,0.0
2863.0,9.93,-0.11,0.14,0.0,0.0,0.0,-33.41,3.46,-95.81,9.931596044946653,0.0,0.0,0.0,0.0
2891.0,9.95,-0.11,0.13,0.0,0.0,0.0,-33.92,3.28,-96.31,9.951457179730012,0.0,0.0,0.0,0.0
2919.0,9.93,-0.11,0.13,0.0,0.0,0.0,-33.92,3.28,-96.31,9.931460114202746,0.0,0.0,0.0,0.0
2947.0,9.93,-0.11,0.13,0.0,0.0,0.0,-33.92,3.28,-96.31,9.931460114202746,0.0,0.0,0.0,0.0
2974.0,9.93,-0.12,0.15,-0.0,-0.0,-0.0,-33.92,3.28,-96.31,9.931857832248706,0.0,0.0,0.0,0.0
3002.0,9.94,-0.11,0.12,0.0,0.0,0.0,-32.89,2.59,-97.31,9.941332908619447,0.0,0.0,0.0,0.0
3030.0,9.94,-0.13,0.13,0.0,0.0,-0.0,-32.89,2.59,-97.31,9.941700055825462,0.0,0.0,0.0,0.0
3058.0,9.93,-0.11,0.14,0.0,0.0,0.0,-32.89,2.59,-97.31,9.931596044946653,0.0,0.0,0.0,0.0
3086.0,9.94,-0.12,0.14,-0.0,0.0,0.0,-32.89,2.59,-97.31,9.941710114462198,0.0,0.0,0.0,0.0
3113.0,9.94,-0.11,0.13,0.0,0.0,-0.0,-32.89,2.59,-97.31,9.941458645490611,0.0,0.0,0.0,0.0
3141.0,9.94,-0.11,0.12,0.0,0.0,0.0,-33.75,3.8,-97.14,9.941332908619447,0.0,0.0,0.0,0.0
3168.0,9.94,-0.1,0.15,0.0,0.0,0.0,-33.75,3.8,-97.14,9.941634674438605,0.0,0.0,0.0,0.0
3196.0,9.94,-0.11,0.14,0.0,0.0,-0.0,-33.75,3.8,-97.14,9.94159443952528,0.0,0.0,0.0,0.0
3224.0,9.94,-0.11,0.14,-0.0,0.0,-0.0,-33.75,3.8,-97.14,9.94159443952528,0.0,0.0,0.0,0.0
3251.0,9.94,-0.12,0.14,-0.0,0.0,-0.0,-33.75,3.8,-97.14,9.941710114462198,0.0,0.0,0.0,0.0
3279.0,9.93,-0.11,0.16,0.0,0.0,0.0,-34.27,2.94,-96.31,9.931898106605807,0.0,0.0,0.0,0.0
3306.0,9.94,-0.11,0.15,0.0,0.0,-0.0,-34.27,2.94,-96.31,9.94174029031135,0.0,0.0,0.0,0.0
3335.0,9.93,-0.11,0.13,0.0,-0.0,0.0,-34.27,2.94,-96.31,9.931460114202746,0.0,0.0,0.0,0.0
3363.0,9.94,-0.1,0.13,0.0,0.0,0.0,-34.27,2.94,-96.31,9.941353026625702,0.0,0.0,0.0,0.0
3391.0,9.95,-0.11,0.11,0.0,0.0,0.0,-34.09,2.76,-95.48,9.951216006096942,0.0,0.0,0.0,0.0
3418.0,9.95,-0.11,0.14,0.0,0.0,-0.0,-34.09,2.76,-95.48,9.951592837330113,0.0,0.0,0.0,0.0
3445.0,9.95,-0.1,0.14,0.0,0.0,-0.0,-34.09,2.76,-95.48,9.95148732602318,0.0,0.0,0.0,0.0
3473.0,9.94,-0.12,0.15,0.0,0.0,-0.0,-34.09,2.76,-95.48,9.941855963551271,0.0,0.0,0.0,0.0
3501.0,9.95,-0.1,0.12,0.0,0.0,0.0,-35.3,2.59,-96.31,9.951226055115017,0.0,0.0,0.0,0.0
3529.0,9.94,-0.11,0.12,0.0,0.0,0.0,-35.3,2.59,-96.31,9.941332908619447,0.0,0.0,0.0,0.0
3556.0,9.93,-0.1,0.14,0.0,0.0,0.0,-35.3,2.59,-96.31,9.931490321195506,0.0,0.0,0.0,0.0
3584.0,9.94,-0.11,0.12,0.0,0.0,0.0,-35.3,2.59,-96.31,9.941332908619447,0.0,0.0,0.0,0.0
3612.0,9.95,-0.12,0.17,0.0,0.0,-0.0,-35.3,2.59,-96.31,9.952175641536877,0.0,0.0,0.0,0.0
3640.0,9.95,-0.11,0.13,-0.0,-0.0,-0.0,-34.61,3.28,-95.64,9.951457179730012,0.0,0.0,0.0,0.0
3668.0,9.94,-0.11,0.13,0.0,-0.0,-0.0,-34.61,3.28,-95.64,9.941458645490611,0.0,0.0,0.0,0.0
3695.0,9.95,-0.11,0.12,0.0,0.0,0.0,-34.61,3.28,-95.64,9.951331569192135,0.0,0.0,0.0,0.0
3723.0,9.94,-0.11,0.14,0.0,0.0,0.0,-34.61,3.28,-95.64,9.94159443952528,0.0,0.0,0.0,0.0
3750.0,9.94,-0.12,0.13,0.0,0.0,0.0,-34.61,3.28,-95.64,9.941574322007556,0.0,0.0,0.0,0.0
3778.0,9.93,-0.11,0.13,-0.0,0.0,-0.0,-34.27,4.67,-96.31,9.931460114202746,0.0,0.0,0.0,0.0
3806.0,9.95,-0.11,0.12,0.0,-0.0,-0.0,-34.27,4.67,-96.31,9.951331569192135,0.0,0.0,0.0,0.0
3833.0,9.92,-0.13,0.13,0.0,0.0,0.0,-34.27,4.67,-96.31,9.92170348276948,0.0,0.0,0.0,0.0
3861.0,9.94,-0.12,0.14,0.0,0.0,0.0,-34.27,4.67,-96.31,9.941710114462198,0.0,0.0,0.0,0.0
3888.0,9.94,-0.12,0.14,-0.0,0.0,-0.0,-32.37,3.11,-96.14,9.941710114462198,0.0,0.0,0.0,0.0
3916.0,9.94,-0.12,0.14,0.0,0.0,0.0,-32.37,3.11,-96.14,9.941710114462198,0.0,0.0,0.0,0.0
3944.0,9.93,-0.11,0.14,0.0,0.0,-0.0,-32.37,3.11,-96.14,9.931596044946653,0.0,0.0,0.0,0.0
3971.0,9.94,-0.11,0.17,0.0,0.0,-0.0,-32.37,3.11,-96.14,9.942062160336757,0.0,0.0,0.0,0.0
3999.0,9.94,-0.11,0.13,-0.0,0.0,-0.0,-34.27,4.32,-95.64,9.941458645490611,0.0,0.0,0.0,0.0
4026.0,9.93,-0.12,0.14,0.0,0.0,-0.0,-34.27,4.32,-95.64,9.931711836335165,0.0,0.0,0.0,0.0
4054.0,9.93,-0.11,0.15,0.0,0.0,0.0,-34.27,4.32,-95.64,9.931742042562322,0.0,0.0,0.0,0.0
4082.0,9.92,-0.11,0.13,0.0,0.0,0.0,-34.27,4.32,-95.64,9.92146158587534,0.0,0.0,0.0,0.0
4109.0,9.94,-0.11,0.15,-0.0,0.0,-0.0,-34.27,4.32,-95.64,9.94174029031135,0.0,0.0,0.0,0.0
4137.0,9.93,-0.12,0.1,0.0,0.0,0.0,-33.75,3.11,-97.14,9.931228524205855,0.0,0.0,0.0,0.0
4165.0,9.94,-0.11,0.14,0.0,0.0,-0.0,-33.75,3.11,-97.14,9.94159443952528,0.0,0.0,0.0,0.0
4193.0,9.94,-0.11,0.16,0.0,0.0,-0.0,-33.75,3.11,-97.14,9.941896197406207,0.0,0.0,0.0,0.0
4220.0,9.94,-0.11,0.2,0.0,0.0,-0.0,-33.75,3.11,-97.14,9.942620378954434,0.0,0.0,0.0,0.0
4248.0,9.94,-0.12,0.15,-0.0,0.0,-0.0,-33.75,3.11,-97.14,9.941855963551271,0.0,0.0,0.0,0.0
4275.0,9.95,-0.1,0.15,-0.0,0.0,-0.0,-34.27,2.59,-96.64,9.95163303181945,0.0,0.0,0.0,0.0
4303.0,9.93,-0.11,0.16,-0.0,0.01,-0.0,-34.27,2.59,-96.64,9.931898106605807,0.5729577951308232,0.0,0.0,0.0
4330.0,9.94,-0.11,0.13,-0.0,0.0,-0.0,-34.27,2.59,-96.64,9.941458645490611,0.0,0.0,0.015469860468532305,0.0
4358.0,9.94,-0.12,0.13,-0.01,0.01,-0.0,-34.27,2.59,-96.64,9.941574322007556,0.8102846845413955,0.0,0.015469860468532305,0.0
4386.0,10.06,-0.13,-0.07,-0.02,0.03,-0.0,-33.92,0.86,-95.64,10.061083440663834,2.0658287090209746,-0.01604281826366332,0.031512678732195626,0.0
4414.0,10.07,-0.18,-0.1,-0.0,0.07,0.01,-33.92,0.86,-95.64,10.072105043137705,4.051423422706978,-0.04812845479098894,0.07964113352318405,0.0
4441.0,9.92,-0.11,0.23,0.0,0.13,0.01,-33.92,0.86,-95.64,9.923275668850483,7.470455672192939,-0.04812845479098894,0.1879301568029102,0.015469860468532305
4469.0,9.98,-0.17,0.17,0.0,0.14,0.01,-33.92,0.86,-95.64,9.982895371584338,8.041845876117707,-0.04812845479098894,0.39648679423053335,0.031512678732195626
4497.0,10.11,-0.05,-0.07,0.01,0.22,0.02,-33.92,3.28,-97.97,10.110365967659133,12.670013043228263,-0.04812845479098894,0.6210862499218127,0.04755549699585844
4525.0,10.13,-0.06,-0.04,0.0,0.31,0.03,-33.92,3.28,-97.97,10.13025666012466,17.84466911856701,-0.03208563652732562,0.9740282517224057,0.07964113352318508
4553.0,10.08,-0.16,0.07,0.0,0.4,0.03,-33.92,3.28,-97.97,10.08151278330787,22.982679167514167,-0.03208563652732562,1.4713556178959528,0.1277695883141735
4580.0,10.09,-0.13,0.22,0.01,0.56,0.05,-33.92,3.28,-97.97,10.093235358397227,32.218370037506766,-0.03208563652732562,2.0901500366372447,0.17417916971977043
4608.0,10.13,-0.15,0.22,0.01,0.66,0.06,-33.92,3.28,-97.97,10.133498902156155,37.975476686411184,-0.0160428182636623,2.9885478594023906,0.254393261038087
4636.0,10.13,-0.11,0.33,0.02,0.94,0.09,-31.86,3.97,-99.97,10.13597059979951,54.1164627894828,5.100087019371813e-16,4.047373864804136,0.3506501706200639
4664.0,10.06,-0.12,0.61,0.01,1.1,0.1,-31.86,3.97,-99.97,10.079191435824603,63.28785055324071,0.03208563652732613,5.5553987815884405,0.49503553499302916
4691.0,9.95,-0.22,0.95,0.01,1.25,0.11,-31.86,3.97,-99.97,9.997669728491735,71.89878412993848,0.04755549699585843,7.257083433126994,0.6497341396783523
4719.0,9.44,-0.53,1.48,0.05,1.44,0.1,-31.86,3.97,-99.97,9.57,82.75422845244525,0.06359831525952175,9.262435716084909,0.8262051405786488
4746.0,10.01,-0.42,2.97,0.04,1.45,0.1,-31.86,3.97,-99.97,10.449755978012117,83.30774816642104,0.14094761760218327,11.490095623553561,0.9809037452639718
4775.0,9.65,-0.35,2.26,-0.01,1.44,0.11,-28.93,2.42,-106.46,9.917287935721136,82.74827783618518,0.2074107218373586,13.899383152078666,1.14706150585191
4803.0,9.11,-0.38,3.01,0.05,1.59,0.16,-28.93,2.42,-106.46,9.601906060777724,91.60518321525272,0.1913679035736958,16.209548982046112,1.323532506752201
4830.0,9.13,-0.45,3.15,0.02,1.62,0.15,-28.93,2.42,-106.46,9.668603828888637,93.22324415287258,0.2687172059163573,18.669256796542747,1.571050274248718
4858.0,8.84,-0.47,3.63,0.03,1.8,0.17,-28.93,2.42,-106.46,9.567831520255778,103.60559928531084,0.30080284244368394,21.268193355256205,1.8116925482036679
4886.0,8.61,-0.43,4.03,0.04,1.88,0.18,-22.56,3.63,-112.61,9.516191465076771,108.2329255789656,0.34893129723467237,24.155900642715512,2.0844204586859356
4913.0,8.57,-0.34,4.1,0.02,1.97,0.18,-22.56,3.63,-112.61,9.50633998971213,113.34866215373239,0.4108107391088016,27.064234410799585,2.362877947119517
4941.0,8.08,-0.33,4.65,0.04,2.25,0.21,-22.56,3.63,-112.61,9.328333184444046,129.49606711066554,0.4428963756361272,30.22466960874116,2.651648675865448
4969.0,7.8,-0.32,4.87,0.03,2.41,0.22,-22.56,3.63,-112.61,9.201048853255807,138.6676238873328,0.5070676486907805,33.83430371806541,2.9885478594023773
4997.0,7.08,-0.51,5.26,0.03,2.81,0.26,-22.56,3.63,-112.61,8.834823144806013,161.69798840833965,0.555196103481769,37.70062291960814,3.3414898612029593
5024.0,6.62,-0.54,5.49,0.03,3.05,0.28,-12.23,3.63,-120.6,8.617197920437942,175.49539200372234,0.6016056848873659,42.047653711265724,3.743706233384799
5051.0,6.09,-0.59,5.62,0.03,3.31,0.3,-12.23,3.63,-120.6,8.307863744669866,190.43414018652152,0.6480152662929628,46.765961154168075,4.176862326503704
5080.0,4.7,-0.78,5.94,0.04,3.93,0.36,-12.23,3.63,-120.6,7.614591256265829,226.12677857436063,0.6978625944693443,52.26578302962883,4.675335608267519
5108.0,3.53,-0.97,6.24,0.03,4.27,0.39,-12.23,3.63,-120.6,7.234597431785683,245.67732754709155,0.7620338675239976,58.57061060724851,5.252877065759398
5135.0,2.31,-1.23,6.43,0.03,4.28,0.41,-12.23,3.63,-120.6,6.942182653892074,246.35452931741915,0.808443448929593,65.17624102731159,5.8562016240321375
5163.0,-0.79,-1.81,7.14,0.05,4.28,0.41,7.75,3.63,-124.25,7.408090172237376,246.36518951622844,0.8565719037205829,72.04256724415949,6.513957172842334
5191.0,-23.96,-7.32,53.52,0.46,4.28,0.52,7.75,3.63,-124.25,59.09360709924552,248.43122288223117,0.9367859950388969,78.90889346100717,7.171712721652509
5218.0,0.87,1.74,4.91,0.22,0.65,0.08,7.75,3.63,-124.25,5.28134452578129,39.58387892640899,1.648399576591383,85.52999374153899,7.976145466016188
5246.0,-4.82,-1.61,24.14,-0.07,-0.98,0.13,7.75,3.63,-124.25,24.669091997882695,56.78355745267758,2.001341578391976,86.5727769286771,8.104488012125495
5274.0,-5.53,-1.46,13.96,-0.41,-0.84,0.08,18.94,5.87,-123.76,15.086222191125254,53.751259228462125,1.8890418505463364,85.00058073883814,8.313044649553111
5302.0,1.44,-0.83,7.62,0.02,-0.04,-0.06,18.94,5.87,-123.76,7.79916021120223,4.287623532921911,1.2312863017361404,83.65298400469042,8.441387195662418
5329.0,-1.77,-1.59,14.14,0.16,0.42,-0.0,18.94,5.87,-123.76,14.338779585445897,25.75125011921503,1.262226022673204,83.5911045628163,8.348568032851228
5357.0,-0.4,-0.63,9.37,-0.01,-0.01,0.01,18.94,5.87,-123.76,9.399670206980668,0.9923920117592256,1.518911114891817,84.26490292989016,8.348568032851228
5385.0,0.05,-0.57,9.86,-0.08,-0.15,0.05,17.56,6.22,-124.75,9.876588479834522,10.152837996854316,1.5028682966281544,84.2488601116265,8.364610851114891
5413.0,0.26,-0.29,9.83,-0.04,-0.07,0.02,17.56,6.22,-124.75,9.83771314889797,4.759344893478622,1.3745257505188477,84.00821783767155,8.444824942433208
5440.0,-0.29,-0.15,9.39,0.05,0.1,-0.03,17.56,6.22,-124.75,9.395674536721673,6.632465988616705,1.3126463086447184,83.89992881439183,8.475764663370272
5468.0,-0.24,-0.42,9.4,-0.01,-0.0,0.0,17.56,6.22,-124.75,9.412438578816863,0.5729577951308232,1.3928603999630325,84.06035699702845,8.427636208579283
5495.0,-0.02,-0.61,9.68,-0.05,-0.07,0.03,17.56,6.22,-124.75,9.699221618253704,5.2198939361923316,1.3773905394945,84.06035699702845,8.427636208579283
5523.0,-0.06,-0.8,9.58,0.03,0.05,-0.02,18.94,4.84,-122.76,9.613532129243653,3.5319490554146764,1.297176448176186,83.94805726918281,8.475764663370272
5550.0,-0.25,-0.87,9.4,0.04,0.06,-0.02,18.94,4.84,-122.76,9.44348452638114,4.287623532921911,1.343586029581783,84.02540657152548,8.444824942433208
5578.0,-0.04,-0.79,9.61,-0.03,-0.05,0.02,18.94,4.84,-122.76,9.642499675913916,3.5319490554146764,1.4077573026364363,84.12166348110746,8.41273930590588
5606.0,0.01,-0.77,9.71,-0.01,-0.02,0.01,18.94,4.84,-122.76,9.740487667463062,1.403454242220617,1.359628847845448,84.04144938978915,8.444824942433206
5634.0,-0.07,-0.73,9.58,0.02,0.03,-0.01,18.94,4.84,-122.76,9.608027893381658,2.1438117664609555,1.3435860295817845,84.00936375326182,8.46086776069687
5661.0,-0.18,-0.79,9.48,-0.01,0.0,0.0,18.6,5.53,-123.42,9.514562522785795,0.5729577951308232,1.374525750518849,84.05577333466742,8.445397900228338
5690.0,-0.08,-0.86,9.62,-0.02,-0.03,0.01,18.6,5.53,-123.42,9.65869556410181,2.1438117664609555,1.3579099744600553,84.05577333466742,8.445397900228338
5717.0,-0.09,-0.9,9.59,0.01,0.02,-0.01,18.6,5.53,-123.42,9.632559369139647,1.403454242220617,1.3269702535229908,84.00936375326182,8.46086776069687
5745.0,-0.17,-0.94,9.51,0.02,0.02,-0.01,18.6,5.53,-123.42,9.557855407987715,1.7188733853924696,1.3430130717866535,84.04144938978915,8.444824942433206
5773.0,-0.12,-0.95,9.5,0.0,-0.0,-0.0,18.42,5.7,-123.59,9.548135943732682,0.0,1.3750987083139792,84.07353502631648,8.428782124169542
5801.0,-0.07,-0.9,9.59,-0.01,-0.01,0.0,18.42,5.7,-123.59,9.632393264396963,0.8102846845413955,1.3750987083139792,84.07353502631648,8.428782124169542
5828.0,-0.06,-1.01,9.57,0.01,0.0,-0.0,18.42,5.7,-123.59,9.623336219835615,0.5729577951308232,1.3596288478454468,84.05806516584795,8.428782124169542
5856.0,-0.14,-1.11,9.52,0.01,0.01,-0.01,18.42,5.7,-123.59,9.585515113962316,0.9923920117592256,1.3756716661091095,84.05806516584795,8.428782124169542
5884.0,-0.1,-0.9,9.56,-0.01,-0.02,0.01,18.6,5.18,-124.75,9.602791260878266,1.403454242220617,1.391714484372773,84.0741079841116,8.412739305905879
5911.0,-0.09,-0.57,9.59,-0.01,-0.02,0.01,18.6,5.18,-124.75,9.607346147610171,1.403454242220617,1.3762446239042405,84.04316826317454,8.42820916637441
5939.0,-0.11,-0.3,9.62,0.0,-0.03,-0.0,18.6,5.18,-124.75,9.625305189966705,1.7188733853924696,1.3602018056405778,84.01108262664721,8.444251984638074
5966.0,-0.12,-0.52,9.74,0.0,-0.02,-0.0,18.6,5.18,-124.75,9.754609166952822,1.1459155902616465,1.3602018056405778,83.96467304524161,8.444251984638074
5995.0,-0.09,-0.57,9.63,-0.01,-0.02,-0.01,18.6,5.18,-124.75,9.647274226433082,1.403454242220617,1.3602018056405778,83.93144149312403,8.444251984638074
6023.0,-0.2,-0.59,9.72,-0.03,-0.07,-0.0,17.91,6.22,-125.42,9.739943531663826,4.3635165669524065,1.344158987376915,83.8993558565967,8.42820916637441
6050.0,0.0,-0.6,9.48,-0.04,-0.1,-0.01,17.91,6.22,-125.42,9.498968365038385,6.197486127062923,1.2977494059713182,83.79106683331698,8.42820916637441
6078.0,-0.06,-0.64,9.7,-0.04,-0.09,-0.0,17.91,6.22,-125.42,9.721275636458417,5.642979850674102,1.2335781329166648,83.63063865068034,8.412166348110746
6105.0,0.09,-0.65,9.52,-0.03,-0.09,-0.01,17.91,6.22,-125.42,9.542588747294939,5.465669015327115,1.1716986910425355,83.49140990646355,8.412166348110746
6133.0,0.14,-0.66,9.46,-0.03,-0.08,-0.01,17.91,6.22,-125.42,9.484028679838543,4.928769318002914,1.1235702362515472,83.34702454209058,8.396123529847083
6161.0,0.12,-0.69,9.53,-0.02,-0.05,-0.01,17.91,5.87,-124.42,9.55569986971127,3.138219088915755,1.0754417814605572,83.21868199598127,8.38008071158342
6188.0,0.19,-0.7,9.48,-0.01,-0.03,-0.0,17.91,5.87,-124.42,9.507707399788869,1.811851635761533,1.0445020605234936,83.14133269363862,8.364610851114888
6216.0,0.11,-0.72,9.6,-0.0,-0.01,0.0,17.91,5.87,-124.42,9.627590560467349,0.5729577951308232,1.0284592422598302,83.09320423884763,8.364610851114888
6244.0,0.14,-0.73,9.49,0.01,0.02,-0.0,17.91,5.87,-124.42,9.519065080143113,1.2811725781509187,1.0284592422598302,83.07716142058398,8.364610851114888
6271.0,0.08,-0.75,9.54,0.01,0.04,0.0,18.77,5.7,-124.25,9.569770112181379,2.362365508345388,1.0439291027283626,83.10810114152105,8.364610851114888
6299.0,0.07,-0.76,9.5,0.02,0.05,0.0,18.77,5.7,-124.25,9.530608584975043,3.08547215431189,1.059971920992026,83.1722724145757,8.364610851114888
6327.0,0.0,-0.75,9.6,0.02,0.05,0.01,18.77,5.7,-124.25,9.62925230742242,3.138219088915755,1.0920575575193516,83.25248650589401,8.364610851114888
6355.0,-0.01,-0.76,9.62,0.02,0.05,0.0,18.77,5.7,-124.25,9.64997927458914,3.08547215431189,1.1241431940466782,83.33270059721232,8.380653669378551
6383.0,-0.03,-0.75,9.59,0.01,0.03,0.0,18.42,7.78,-124.92,9.619329498462978,1.811851635761533,1.1562288305740038,83.41291468853063,8.380653669378551
6410.0,-0.06,-0.76,9.63,0.01,0.02,0.0,18.42,7.78,-124.92,9.660129398719254,1.2811725781509187,1.1716986910425362,83.45932426993623,8.380653669378551
6438.0,-0.03,-0.76,9.56,-0.0,-0.01,-0.0,18.42,7.78,-124.92,9.590208548305924,0.5729577951308232,1.187741509306199,83.49140990646356,8.380653669378551
6466.0,-0.04,-0.74,9.61,-0.01,-0.02,-0.0,18.42,7.78,-124.92,9.638532045908235,1.2811725781509187,1.187741509306199,83.4753670881999,8.380653669378551
6493.0,0.0,-0.74,9.57,-0.01,-0.03,-0.0,18.42,7.78,-124.92,9.598567601470545,1.811851635761533,1.1722716488376665,83.44442736726283,8.380653669378551
6521.0,0.01,-0.72,9.55,-0.01,-0.03,-0.0,18.08,7.43,-124.25,9.577108123019183,1.811851635761533,1.1562288305740038,83.39629891247185,8.380653669378551
6549.0,0.03,-0.73,9.54,-0.01,-0.02,-0.0,18.08,7.43,-124.25,9.567936036575494,1.2811725781509187,1.1401860123103404,83.34817045768087,8.380653669378551
6576.0,0.06,-0.73,9.54,-0.01,-0.02,-0.0,18.08,7.43,-124.25,9.568077131796127,1.2811725781509187,1.124716151841808,83.3172307367438,8.380653669378551
6604.0,0.07,-0.76,9.55,-0.0,-0.01,-0.0,18.08,7.43,-124.25,9.580448841259997,0.5729577951308232,1.1086733335781453,83.28514510021647,8.380653669378551
6632.0,0.06,-0.76,9.55,-0.0,-0.0,-0.0,18.08,7.43,-124.25,9.580380994511648,0.0,1.1086733335781453,83.26910228195281,8.380653669378551
6660.0,0.04,-0.74,9.58,0.0,0.01,0.0,18.08,5.01,-123.26,9.608621128965384,0.5729577951308232,1.1086733335781453,83.26910228195281,8.380653669378551
6687.0,0.03,-0.74,9.55,0.0,0.01,0.0,18.08,5.01,-123.26,9.578674229766873,0.5729577951308232,1.1086733335781453,83.28457214242134,8.380653669378551
6715.0,0.04,-0.74,9.56,0.01,0.01,0.0,18.08,5.01,-123.26,9.588680826891675,0.8102846845413955,1.1086733335781453,83.300614960685,8.380653669378551
6743.0,0.02,-0.74,9.57,0.0,0.01,0.0,18.08,5.01,-123.26,9.59858843789023,0.5729577951308232,1.1247161518418087,83.31665777894865,8.380653669378551
6770.0,0.02,-0.73,9.59,0.0,0.01,0.0,18.94,5.53,-124.75,9.617764813094569,0.5729577951308232,1.1247161518418087,83.33212763941718,8.380653669378551
6798.0,0.01,-0.74,9.58,0.0,0.0,-0.0,18.94,5.53,-124.75,9.608543073744324,0.0,1.1247161518418087,83.34817045768084,8.380653669378551
6826.0,0.02,-0.73,9.59,-0.0,-0.0,0.0,18.94,5.53,-124.75,9.617764813094569,0.0,1.1247161518418087,83.34817045768084,8.380653669378551
6853.0,0.0,-0.74,9.58,-0.0,-0.0,-0.0,18.94,5.53,-124.75,9.608537870040374,0.0,1.1247161518418087,83.34817045768084,8.380653669378551
6881.0,0.02,-0.75,9.58,-0.0,-0.01,-0.0,18.94,5.53,-124.75,9.60933400397759,0.5729577951308232,1.1247161518418087,83.34817045768084,8.380653669378551
6909.0,0.03,-0.74,9.57,-0.0,-0.01,-0.0,18.25,6.22,-124.09,9.59861448335123,0.5729577951308232,1.1247161518418087,83.33212763941718,8.380653669378551
6937.0,0.04,-0.74,9.57,-0.0,-0.01,-0.0,18.25,6.22,-124.09,9.5986509468779,0.5729577951308232,1.1247161518418087,83.31608482115352,8.380653669378551
6965.0,0.05,-0.76,9.57,-0.0,-0.0,-0.0,18.25,6.22,-124.09,9.600260413134636,0.0,1.1247161518418087,83.30004200288987,8.380653669378551
6992.0,0.03,-0.75,9.57,-0.0,-0.0,0.0,18.25,6.22,-124.09,9.599390605658257,0.0,1.1247161518418087,83.30004200288987,8.380653669378551
7020.0,0.04,-0.74,9.55,0.0,0.0,-0.0,18.08,5.7,-123.92,9.578710769200624,0.0,1.1247161518418087,83.30004200288987,8.380653669378551
7048.0,0.03,-0.74,9.58,0.0,0.0,-0.0,18.08,5.7,-123.92,9.608584703274463,0.0,1.1247161518418087,83.30004200288987,8.380653669378551
7076.0,0.03,-0.74,9.56,0.0,0.0,-0.0,18.08,5.7,-123.92,9.58864432545081,0.0,1.1247161518418087,83.30004200288987,8.380653669378551
7103.0,0.03,-0.74,9.57,0.0,0.0,-0.0,18.08,5.7,-123.92,9.59861448335123,0.0,1.1247161518418087,83.30004200288987,8.380653669378551
7131.0,0.03,-0.74,9.58,0.0,0.0,0.0,18.08,5.7,-123.92,9.608584703274463,0.0,1.1247161518418087,83.30004200288987,8.380653669378551
7158.0,0.03,-0.74,9.58,-0.0,0.0,-0.0,18.08,5.7,-124.25,9.608584703274463,0.0,1.1247161518418087,83.30004200288987,8.380653669378551
7186.0,0.04,-0.74,9.58,-0.0,-0.0,-0.0,18.08,5.7,-124.25,9.608621128965384,0.0,1.1247161518418087,83.30004200288987,8.380653669378551
7214.0,0.03,-0.74,9.57,-0.0,-0.0,-0.0,18.08,5.7,-124.25,9.59861448335123,0.0,1.1247161518418087,83.30004200288987,8.380653669378551
7242.0,0.02,-0.72,9.56,0.0,-0.0,-0.0,18.08,5.7,-124.25,9.587095493422396,0.0,1.1247161518418087,83.30004200288987,8.380653669378551
7269.0,0.02,-0.74,9.57,-0.0,-0.0,0.0,18.08,7.43,-124.59,9.59858843789023,0.0,1.1247161518418087,83.30004200288987,8.380653669378551
7297.0,0.03,-0.74,9.59,0.0,-0.0,-0.0,18.08,7.43,-124.59,9.618554985027636,0.0,1.1247161518418087,83.30004200288987,8.380653669378551
7324.0,0.04,-0.74,9.58,-0.0,0.0,-0.0,18.08,7.43,-124.59,9.608621128965384,0.0,1.1247161518418087,83.30004200288987,8.380653669378551
7353.0,0.03,-0.74,9.58,-0.0,0.0,-0.0,18.08,7.43,-124.59,9.608584703274463,0.0,1.1247161518418087,83.30004200288987,8.380653669378551
7381.0,0.01,-0.74,9.57,0.0,0.0,-0.0,18.08,7.43,-124.59,9.598572810579707,0.0,1.1247161518418087,83.30004200288987,8.380653669378551
7408.0,0.04,-0.75,9.57,0.0,0.0,-0.0,17.39,5.36,-122.59,9.599427066236817,0.0,1.1247161518418087,83.30004200288987,8.380653669378551
7436.0,0.01,-0.75,9.58,0.0,0.0,-0.0,17.39,5.36,-122.59,9.60931839414222,0.0,1.1247161518418087,83.30004200288987,8.380653669378551
7463.0,0.02,-0.76,9.57,-0.0,0.0,-0.0,17.39,5.36,-122.59,9.600151040478478,0.0,1.1247161518418087,83.30004200288987,8.380653669378551
7491.0,0.03,-0.75,9.57,0.0,0.0,-0.0,17.39,5.36,-122.59,9.599390605658257,0.0,1.1247161518418087,83.30004200288987,8.380653669378551
7519.0,0.03,-0.74,9.55,0.0,0.0,0.0,17.91,7.26,-125.09,9.578674229766873,0.0,1.1247161518418087,83.30004200288987,8.380653669378551
7546.0,0.03,-0.73,9.56,0.0,0.0,-0.0,17.91,7.26,-125.09,9.58787776309231,0.0,1.1247161518418087,83.30004200288987,8.380653669378551
7574.0,0.03,-0.73,9.55,0.0,0.0,-0.0,17.91,7.26,-125.09,9.57790686945744,0.0,1.1247161518418087,83.30004200288987,8.380653669378551
7602.0,0.02,-0.75,9.6,-0.0,0.0,-0.0,17.91,7.26,-125.09,9.629273077444632,0.0,1.1247161518418087,83.30004200288987,8.380653669378551
7629.0,0.04,-0.74,9.58,-0.0,-0.0,-0.0,17.91,7.26,-125.09,9.608621128965384,0.0,1.1247161518418087,83.30004200288987,8.380653669378551
7657.0,0.02,-0.73,9.57,-0.0,0.0,-0.0,17.05,6.05,-123.59,9.597822669751718,0.0,1.1247161518418087,83.30004200288987,8.380653669378551
7685.0,0.04,-0.75,9.57,-0.0,0.0,-0.0,17.05,6.05,-123.59,9.599427066236817,0.0,1.1247161518418087,83.30004200288987,8.380653669378551
7713.0,0.03,-0.74,9.57,-0.0,0.0,-0.0,17.05,6.05,-123.59,9.59861448335123,0.0,1.1247161518418087,83.30004200288987,8.380653669378551
7740.0,0.04,-0.76,9.59,0.0,0.0,-0.0,17.05,6.05,-123.59,9.620150726469934,0.0,1.1247161518418087,83.30004200288987,8.380653669378551
7768.0,0.03,-0.75,9.55,0.0,0.0,0.0,18.77,5.36,-123.59,9.579451967623202,0.0,1.1247161518418087,83.30004200288987,8.380653669378551
7795.0,0.04,-0.74,9.55,0.0,0.0,-0.0,18.77,5.36,-123.59,9.578710769200624,0.0,1.1247161518418087,83.30004200288987,8.380653669378551
7823.0,0.04,-0.74,9.55,0.0,0.0,-0.0,18.77,5.36,-123.59,9.578710769200624,0.0,1.1247161518418087,83.30004200288987,8.380653669378551
7851.0,0.03,-0.74,9.57,-0.0,0.0,-0.0,18.77,5.36,-123.59,9.59861448335123,0.0,1.1247161518418087,83.30004200288987,8.380653669378551
7879.0,0.02,-0.74,9.56,0.0,0.0,0.0,18.77,5.36,-123.59,9.588618252907976,0.0,1.1247161518418087,83.30004200288987,8.380653669378551
7906.0,0.03,-0.74,9.55,-0.0,0.0,-0.0,17.05,5.7,-125.25,9.578674229766873,0.0,1.1247161518418087,83.30004200288987,8.380653669378551
7934.0,0.35,-1.13,7.99,-0.0,-0.0,0.0,17.05,5.7,-125.25,8.077097250869276,0.0,1.1247161518418087,83.30004200288987,8.380653669378551
7962.0,-0.06,-2.38,11.14,0.09,0.21,0.06,17.05,5.7,-125.25,11.391558277953022,13.534422571009642,1.1247161518418087,83.30004200288987,8.380653669378551
7990.0,-0.12,-2.12,9.34,0.14,0.22,-0.06,17.05,5.7,-125.25,9.578329708252895,15.331305706326546,1.2691015162147785,83.6369411864268,8.476910578960531
8017.0,-0.38,-1.93,9.16,0.08,0.13,-0.05,17.05,5.7,-125.25,9.36882596700355,9.203064915032545,1.4856795627742236,83.9772781167345,8.38409141614934
8045.0,0.15,-0.39,9.83,-0.12,-0.19,0.07,18.94,7.26,-124.09,9.838876968434965,13.485824846506446,1.6140221088835303,84.18583475416212,8.303877324831024
8073.0,0.37,-0.36,10.01,-0.02,-0.08,0.01,18.94,7.26,-124.09,10.023302848861746,4.759344893478622,1.4215082897195703,83.88102120715251,8.416177052676668
8100.0,-0.31,-1.19,9.29,0.08,0.14,-0.04,18.94,7.26,-124.09,9.371035161603011,9.518689786957244,1.3905685687825067,83.75726232340426,8.4316469131452
8128.0,-0.26,-1.29,9.35,0.0,0.04,0.01,18.94,7.26,-124.09,9.442150178852273,2.362365508345388,1.5189111148918133,83.98186177909555,8.367475640090547
8156.0,-0.1,-0.62,9.56,-0.06,-0.06,0.04,18.77,7.43,-124.92,9.58060540884552,5.374820543990594,1.5189111148918133,84.04603305215021,8.38351845835421
8184.0,0.07,-0.19,9.72,0.02,-0.01,-0.0,18.77,7.43,-124.92,9.722108824735507,1.2811725781509187,1.4226542053098334,83.94977614256823,8.447689731408863
8211.0,-0.11,-0.49,9.5,0.05,0.05,-0.02,18.77,7.43,-124.92,9.513264423950382,4.2103627266618515,1.453593926246897,83.9343062820997,8.447689731408863
8239.0,-0.18,-0.63,9.42,0.03,0.04,-0.01,18.77,7.43,-124.92,9.442759130677855,2.9215229778371645,1.5338080175652138,84.01452037341801,8.415604094881536
8267.0,-0.0,-0.36,9.7,-0.02,-0.03,0.02,17.05,7.78,-123.26,9.706678113546364,2.362365508345388,1.5819364723562006,84.07869164647266,8.399561276617874
8294.0,0.03,-0.02,9.76,0.01,-0.01,0.0,17.05,7.78,-123.26,9.760066598133436,0.8102846845413955,1.550996751419135,84.03228206506706,8.430500997554939
8322.0,-0.03,-0.85,9.53,0.09,0.05,-0.03,17.05,7.78,-123.26,9.567878552740936,6.144287837100005,1.5670395696827983,84.01623924680341,8.430500997554939
8349.0,-0.19,-1.02,9.79,0.12,0.03,-0.04,17.05,7.78,-123.26,9.844826052297723,7.4484513367007015,1.7062683138995844,84.09358854914606,8.384091416149342
8378.0,-0.03,-1.02,10.1,0.22,-0.03,-0.05,17.05,7.78,-123.26,10.151418620074733,13.040297885041136,1.9056576266051104,84.14343587732245,8.317628311914167
8406.0,-0.07,-0.41,10.07,0.63,0.01,-0.05,18.42,6.05,-123.59,10.07858621037693,36.21437748781128,2.2585996284057033,84.09530742253146,8.23741422059585
8433.0,-0.13,0.3,10.0,0.83,0.02,-0.04,18.42,6.05,-123.59,10.005343572311748,47.62447802572868,3.2332008379232064,84.11077728299999,8.160064918253191
8461.0,-0.15,0.43,9.71,1.11,0.0,-0.01,18.42,6.05,-123.59,9.720673844955401,63.60089609812484,4.564754753807262,84.14286291952732,8.095893645198538
8489.0,-0.16,0.58,9.51,1.18,0.01,0.03,18.42,6.05,-123.59,9.529013590083707,67.6332933406792,6.345507581073891,84.14286291952732,8.079850826934875
8516.0,-0.17,0.51,9.37,1.16,0.02,0.06,18.42,6.05,-123.59,9.385408888269065,66.56181675687533,8.170951116360643,84.15833277999585,8.126260408340471
8544.0,-0.08,0.44,9.28,0.99,0.02,0.12,18.25,-1.04,-122.43,9.290769612900752,57.14948851587986,10.031918034945587,84.19041841652317,8.22251731792245
8572.0,-0.08,0.71,9.19,0.84,0.03,0.14,18.25,-1.04,-122.43,9.217732909994734,48.822594059958824,11.620157043048255,84.2225040530505,8.41503113708641
8600.0,-0.01,1.36,9.18,0.47,0.02,0.12,18.25,-1.04,-122.43,9.280199351307061,27.816496125460663,12.967753777195888,84.27063250784148,8.639630592777683
8627.0,-0.06,1.35,9.2,0.3,0.03,0.1,18.25,-1.04,-122.43,9.298714964983064,18.19986705215686,13.69483721921693,84.30157222877855,8.825268918400077
8655.0,-0.05,1.22,9.24,0.14,0.02,0.09,17.39,-3.28,-121.93,9.320327247473664,9.604522811432643,14.1761217671268,84.34970068356954,8.9856971010367
8683.0,-0.04,0.95,9.33,-0.12,-0.0,0.07,17.39,-3.28,-121.93,9.378326076651419,7.959784077173618,14.400721222818087,84.38178632009686,9.130082465409671
8711.0,-0.05,1.02,9.39,-0.22,0.0,0.06,17.39,-3.28,-121.93,9.445369235768394,13.065447952543025,14.208207403654127,84.38178632009686,9.242382193255315
8739.0,-0.09,1.23,9.34,-0.3,-0.0,0.05,17.39,-3.28,-121.93,9.42107212582517,17.425831038320275,13.855265401853535,84.38178632009686,9.338639102837295
8766.0,-0.03,1.91,9.27,-0.43,-0.04,0.04,18.08,-0.52,-122.59,9.464771523919634,24.849464268615712,13.391169587797581,84.38178632009686,9.415988405179954
8794.0,0.06,2.02,9.21,-0.48,-0.03,0.03,18.08,-0.52,-122.59,9.429109183798861,27.609194745097636,12.701328402460058,84.31761504704221,9.480159678234607
8822.0,-0.06,2.61,8.93,-0.76,0.03,-0.02,18.08,-0.52,-122.59,9.303794924653058,43.59376785759404,11.93127312580422,84.26948659225123,9.528288133025598
8850.0,-0.03,2.1,9.07,-0.96,0.01,-0.05,18.08,-0.52,-122.59,9.309983888278218,55.081481721907714,10.712018937765885,84.31761504704221,9.496202496498272
8877.0,-0.03,1.5,9.18,-1.13,0.0,-0.08,18.08,-0.52,-122.59,9.301790150288276,64.90628158329571,9.226912332786736,84.33308490751074,9.418853194155608
8905.0,-0.04,0.12,9.29,-1.37,0.04,-0.12,18.08,3.63,-122.26,9.2908611011036,78.82908181589603,7.4140738689928956,84.33308490751074,9.29051064804631
8933.0,-0.08,-0.46,9.31,-1.46,0.05,-0.13,18.08,3.63,-122.26,9.321700488644764,84.031639629816,5.216207766871021,84.39725618056539,9.09799682888235
8961.0,1.93,3.85,11.61,-0.46,-0.39,0.12,18.08,3.63,-122.26,12.383032746464009,35.23108117755458,2.873956300376176,84.4774702718837,8.889440191454726
8989.0,0.14,-1.25,8.77,0.14,0.21,0.15,18.08,3.63,-122.26,8.859740402517446,16.821947193206032,2.1359866602476636,83.85180035960083,9.081954010618686
9017.0,-0.23,-4.08,9.49,-0.01,0.02,0.02,18.08,3.63,-122.26,10.332444047755594,1.7188733853924696,2.360586115938936,84.18869954313774,9.32259628457362
9045.0,-0.25,-1.83,9.41,-0.01,0.0,-0.01,20.15,7.43,-122.92,9.589551605784287,0.8102846845413955,2.3445432976752727,84.22078517966507,9.354681921100948
9072.0,-0.09,-1.77,9.46,-0.03,-0.03,0.02,20.15,7.43,-122.92,9.624583107854596,2.687410271995297,2.32907343720674,84.22078517966507,9.339212060632414
9100.0,0.04,-1.21,9.62,-0.01,-0.04,0.0,20.15,7.43,-122.92,9.695880568571376,2.362365508345388,2.280944982415753,84.17265672487409,9.37129769715974
9128.0,-0.07,-1.12,9.49,0.01,-0.01,-0.01,20.15,7.43,-122.92,9.556118458872305,0.9923920117592256,2.26490216415209,84.10848545181943,9.37129769715974
9156.0,-0.09,-1.09,9.48,-0.01,-0.01,0.0,18.25,7.26,-122.76,9.54288216421014,0.8102846845413955,2.280944982415753,84.09244263355578,9.355254878896076
9184.0,0.0,-0.42,9.6,-0.03,-0.04,0.01,18.25,7.26,-122.76,9.609183107840124,2.9215229778371645,2.26490216415209,84.07639981529212,9.355254878896076
9211.0,0.0,-0.25,9.67,-0.02,-0.02,0.01,18.25,7.26,-122.76,9.673231104444884,1.7188733853924696,2.2184925827464945,84.014520373418,9.370724739364608
9239.0,-0.02,-0.27,9.66,-0.0,-0.0,0.0,18.25,7.26,-122.76,9.663793251099694,0.0,2.1864069462191678,83.98243473689067,9.386767557628271
9266.0,-0.05,-0.34,9.59,-0.01,-0.0,0.0,18.25,7.26,-122.76,9.596155480191012,0.5729577951308232,2.1864069462191678,83.98243473689067,9.386767557628271
9294.0,0.0,-0.44,9.62,-0.01,-0.01,0.01,16.36,6.74,-124.25,9.630057113018593,0.9923920117592256,2.1703641279555046,83.98243473689067,9.386767557628271
9322.0,-0.03,-0.68,9.57,0.0,0.01,-0.0,16.36,6.74,-124.25,9.5941753163052,0.5729577951308232,2.1543213096918414,83.96639191862701,9.402810375891935
9350.0,-0.04,-0.76,9.57,-0.0,0.01,0.0,16.36,6.74,-124.25,9.600213539291717,0.5729577951308232,2.1543213096918414,83.98243473689067,9.402810375891935
9377.0,-0.04,-0.77,9.57,-0.01,0.01,0.0,16.36,6.74,-124.25,9.601010363498208,0.8102846845413955,2.1543213096918414,83.9979045973592,9.402810375891935
9405.0,-0.03,-0.69,9.56,-0.01,-0.0,0.0,17.91,7.26,-124.09,9.584915231758703,0.5729577951308232,2.138278491428179,84.01394741562285,9.402810375891935
9433.0,-0.05,-0.66,9.57,-0.01,-0.01,0.0,17.91,7.26,-124.09,9.592861929580765,0.8102846845413955,2.122235673164516,84.01394741562285,9.402810375891935
9461.0,0.0,-0.8,9.56,0.0,-0.01,-0.0,17.91,7.26,-124.09,9.593414407811226,0.5729577951308232,2.106192854900853,83.9979045973592,9.402810375891935
9489.0,-0.01,-0.81,9.59,0.0,0.01,-0.0,17.91,7.26,-124.09,9.624151910688026,0.5729577951308232,2.106192854900853,83.98186177909554,9.402810375891935
9516.0,-0.05,-0.76,9.55,0.0,0.02,-0.0,17.91,7.26,-124.09,9.580323585349298,1.1459155902616465,2.106192854900853,83.99733163956407,9.402810375891935
9544.0,-0.03,-0.75,9.54,-0.0,0.0,-0.0,17.56,7.95,-123.09,9.569482744641947,0.0,2.106192854900853,84.0294172760914,9.402810375891935
9572.0,-0.0,-0.68,9.57,-0.0,0.0,0.0,17.56,7.95,-123.09,9.594128412732447,0.0,2.106192854900853,84.0294172760914,9.402810375891935
9600.0,-0.05,-0.52,9.59,-0.0,0.01,0.0,17.56,7.95,-123.09,9.604217823435702,0.5729577951308232,2.106192854900853,84.0294172760914,9.402810375891935
9627.0,-0.05,-0.56,9.56,0.0,-0.0,-0.0,17.56,7.95,-123.09,9.57651815640737,0.0,2.106192854900853,84.04488713655992,9.402810375891935
9655.0,-0.04,-0.7,9.6,0.0,-0.01,-0.0,18.6,6.57,-123.76,9.625570112985516,0.5729577951308232,2.106192854900853,84.04488713655992,9.402810375891935
9683.0,-0.01,-0.79,9.61,0.02,-0.0,-0.01,18.6,6.57,-123.76,9.642421894939051,1.2811725781509187,2.106192854900853,84.02884431829627,9.402810375891935
9710.0,-0.02,-0.75,9.73,0.02,0.02,-0.02,18.6,6.57,-123.76,9.758883132818019,1.9847840235184513,2.1371325758379185,84.02884431829627,9.387340515423402
9738.0,0.0,-0.84,9.38,0.01,0.02,-0.02,18.6,6.57,-123.76,9.417536832951598,1.7188733853924696,2.169218212365243,84.06092995482359,9.355254878896076
9766.0,-0.23,-0.93,9.79,-0.01,0.0,0.01,18.6,6.57,-123.76,9.836762678849174,0.8102846845413955,2.185261030628906,84.09301559135092,9.323169242368749
9794.0,-0.1,-0.88,9.63,-0.01,-0.03,-0.01,18.08,7.78,-122.59,9.670641136967085,1.9002860271582585,2.169218212365243,84.09301559135092,9.339212060632413
9821.0,-0.07,-0.78,9.69,-0.02,-0.03,0.0,18.08,7.78,-122.59,9.721594519419126,2.0658287090209746,2.153748351896711,84.04660600994532,9.323742200163881
9849.0,-0.06,-0.73,9.63,-0.02,-0.04,-0.0,18.08,7.78,-122.59,9.65781548798692,2.5623451563018373,2.1216627153693843,83.99847755515434,9.323742200163881
9877.0,0.12,-0.68,9.4,-0.01,-0.04,-0.01,18.08,7.78,-122.59,9.425327580514113,2.4308540536241865,2.0895770788420576,83.93430628209968,9.323742200163881
9905.0,-0.0,-0.66,9.61,-0.01,-0.02,-0.0,18.77,7.78,-124.59,9.632637229751777,1.2811725781509187,2.0735342605783953,83.87013500904503,9.30769938190022
9932.0,0.12,-0.63,9.43,-0.0,-0.01,-0.01,18.77,7.78,-124.59,9.451782900596056,0.8102846845413955,2.0580644001098625,83.83919528810796,9.30769938190022
9960.0,0.02,-0.67,9.57,-0.0,0.01,0.0,18.77,7.78,-124.59,9.593445679212449,0.5729577951308232,2.0580644001098625,83.8231524698443,9.291656563636556
9988.0,0.09,-0.67,9.49,0.0,0.01,-0.0,18.77,7.78,-124.59,9.514047508815583,0.5729577951308232,2.0580644001098625,83.83919528810796,9.291656563636556
10015.0,0.01,-0.69,9.59,0.01,0.02,0.0,18.77,7.78,-124.59,9.614795889669214,1.2811725781509187,2.0580644001098625,83.85466514857649,9.291656563636556
10043.0,0.02,-0.68,9.54,0.01,0.01,-0.0,17.74,6.74,-122.92,9.564225007809048,0.8102846845413955,2.0741072183735256,83.88675078510381,9.291656563636556
10071.0,0.0,-0.69,9.57,0.0,0.01,0.0,17.74,6.74,-122.92,9.59484236452064,0.5729577951308232,2.090150036637188,83.90279360336747,9.291656563636556
10099.0,-0.06,-0.71,9.65,0.0,0.01,0.0,17.74,6.74,-122.92,9.676269942493336,0.5729577951308232,2.090150036637188,83.91883642163113,9.291656563636556
10126.0,-0.0,-0.71,9.56,-0.0,-0.0,-0.0,17.74,6.74,-122.92,9.586328807212904,0.0,2.090150036637188,83.93430628209966,9.291656563636556
10154.0,-0.04,-0.71,9.63,-0.0,-0.01,0.0,18.6,7.6,-123.42,9.65622079283609,0.5729577951308232,2.090150036637188,83.93430628209966,9.291656563636556
10182.0,0.01,-0.73,9.57,-0.0,-0.01,-0.0,18.6,7.6,-123.42,9.597807041194358,0.5729577951308232,2.090150036637188,83.918263463836,9.291656563636556
10210.0,-0.02,-0.74,9.6,-0.0,-0.01,-0.0,18.6,7.6,-123.42,9.628499363867663,0.5729577951308232,2.090150036637188,83.90222064557234,9.291656563636556
10238.0,0.02,-0.74,9.54,-0.0,-0.01,-0.0,18.6,7.6,-123.42,9.568678069618603,0.5729577951308232,2.090150036637188,83.88617782730869,9.291656563636556
10266.0,0.0,-0.74,9.56,-0.0,-0.0,0.0,18.6,7.6,-123.42,9.588597394822665,0.0,2.090150036637188,83.87013500904503,9.291656563636556
10293.0,0.03,-0.73,9.55,-0.0,-0.0,-0.0,18.77,8.81,-124.92,9.57790686945744,0.0,2.090150036637188,83.87013500904503,9.291656563636556
10321.0,0.03,-0.73,9.54,0.0,0.0,-0.0,18.77,8.81,-124.92,9.567936036575494,0.0,2.090150036637188,83.87013500904503,9.291656563636556
10349.0,0.01,-0.75,9.57,0.0,0.0,0.0,18.77,8.81,-124.92,9.599348936256042,0.0,2.090150036637188,83.87013500904503,9.291656563636556
10377.0,-0.71,-0.36,9.81,-0.01,-0.05,0.0,18.77,8.81,-124.92,9.842245678705648,2.9215229778371645,2.090150036637188,83.87013500904503,9.291656563636556
10405.0,0.63,-3.73,8.97,-0.04,0.57,0.07,17.56,7.95,-124.09,9.735024396476879,32.98366299236475,2.0741072183735256,83.78992091772672,9.291656563636556
10432.0,-0.01,-2.88,9.49,-0.08,0.48,0.05,17.56,7.95,-124.09,9.917388769227513,28.028120870971893,2.0122277764993943,84.6717029644331,9.399945586916285
10460.0,-0.24,0.52,9.7,-0.05,0.15,0.03,17.56,7.95,-124.09,9.716892507381154,9.22088306320518,1.8838852303900877,85.44175824108893,9.480159678234601
10488.0,-0.23,0.22,9.79,-0.07,0.17,0.02,17.56,7.95,-124.09,9.795172280261331,10.595847166244031,1.8036711390717761,85.68240051504387,9.528288133025589
10516.0,-0.23,-1.71,9.54,-0.06,0.23,0.02,17.56,7.95,-124.09,9.694771786896276,13.667175323221263,1.6913714112261329,85.95512842552614,9.560373769552916
10543.0,-0.26,-1.02,9.55,-0.03,0.04,0.01,19.63,7.6,-122.76,9.607835344134495,2.9215229778371645,1.598552248414936,86.3109352163024,9.59131349048998
10571.0,-0.25,-0.66,9.66,-0.03,0.07,0.01,19.63,7.6,-122.76,9.685747260795111,4.400972331777296,1.550423793623949,86.37510648935705,9.607356308753642
10599.0,-0.32,-0.19,9.69,-0.03,0.14,0.02,19.63,7.6,-122.76,9.697143909419927,8.283154756205239,1.5022953388329592,86.48740621720269,9.623399127017306
10626.0,-0.37,-0.36,9.64,-0.03,0.15,0.01,19.63,7.6,-122.76,9.65381271829944,8.783276679308011,1.4558857574273638,86.70398426376214,9.654338847954369
10654.0,-0.49,-0.68,9.56,-0.02,0.14,0.01,19.63,7.6,-123.42,9.596671297903248,8.123078704237455,1.4077573026363739,86.94462653771708,9.670381666218033
10682.0,-0.52,-1.41,9.47,-0.01,0.07,0.0,19.63,7.6,-123.42,9.588503532877276,4.051423422706978,1.3756716661090473,87.16922599340838,9.686424484481696
10710.0,-0.51,-1.08,9.51,-0.01,0.01,-0.0,19.63,7.6,-123.42,9.584706568278447,0.8102846845413955,1.359628847845384,87.28152572125401,9.686424484481696
10737.0,-0.47,-1.19,9.52,-0.01,-0.02,-0.0,19.63,7.6,-123.42,9.605592121259365,1.2811725781509187,1.3441589873768522,87.29699558172254,9.686424484481696
10765.0,-0.49,-0.62,9.59,-0.01,-0.02,-0.0,19.63,7.6,-123.42,9.622504871393934,1.2811725781509187,1.3281161691131889,87.26490994519521,9.686424484481696
10793.0,-0.45,-0.55,9.59,-0.01,-0.04,-0.0,20.32,8.64,-123.76,9.616293464739936,2.362365508345388,1.3120733508495255,87.23282430866789,9.686424484481696
10821.0,-0.45,-0.86,9.55,-0.0,-0.05,-0.01,20.32,8.64,-123.76,9.599197883156696,2.9215229778371645,1.2960305325858632,87.16865303561323,9.686424484481696
10848.0,-0.48,-0.96,9.54,0.01,-0.1,-0.01,20.32,8.64,-123.76,9.60018749816898,5.786590081396796,1.2960305325858632,87.09130373327056,9.670954624013163
10876.0,-0.41,-0.82,9.56,0.01,-0.16,-0.02,20.32,8.64,-123.76,9.603858599542166,9.256416462935672,1.3120733508495255,86.93087555063394,9.654911805749501
10904.0,-0.64,-0.65,9.56,0.0,-0.36,-0.03,19.8,8.47,-123.26,9.603421265361632,20.697976439172322,1.3281161691131889,86.67419045841532,9.622826169222174
10932.0,-0.95,0.43,8.89,-0.02,-0.61,-0.06,19.8,8.47,-123.26,8.95094967028639,35.137778362318485,1.3281161691131889,86.09664900092345,9.574697714431183
10960.0,0.08,1.08,9.95,-0.07,-1.22,-0.14,19.8,8.47,-123.26,10.00876116210193,70.47380880109125,1.2960305325858623,85.11803708683999,9.478440804849203
10987.0,0.24,-2.17,9.4,0.01,-0.66,-0.06,19.8,8.47,-123.26,9.650207251660454,37.975476686411184,1.1877415093061396,83.23071410967911,9.261862758289759
11015.0,0.72,-3.09,9.44,0.02,-0.59,-0.06,19.8,8.47,-123.26,9.958920624244376,33.99817812529275,1.203784327569803,82.17188810427733,9.165605848707779
11043.0,1.07,-0.94,9.63,0.04,-0.24,-0.02,15.5,7.6,-123.76,9.73475217969107,13.987682383465101,1.2358699640971296,81.2253618267212,9.069348939125799
11071.0,0.62,-0.98,9.59,0.05,0.06,0.01,15.5,7.6,-123.76,9.659860247436296,4.511474190336548,1.3000412371517789,80.8403341883933,9.037263302598474
11099.0,0.7,-1.29,9.59,0.07,0.01,-0.0,15.5,7.6,-123.76,9.701659651832772,4.051423422706978,1.3802553284700956,80.93659109797528,9.053306120862137
11126.0,0.81,-2.41,9.48,0.08,0.05,-0.01,15.5,7.6,-123.76,9.815019103394553,5.4355549072846,1.4885443517498183,80.95206095844381,9.053306120862137
11154.0,0.7,-2.1,9.32,0.05,0.14,-0.01,15.5,7.6,-123.76,9.579269283196918,8.536878877567652,1.6168868978591249,81.03227504976212,9.037263302598474
11182.0,0.67,0.01,9.51,0.02,0.22,0.0,16.53,7.95,-123.09,9.533577502700652,12.65705138966312,1.6971009891774416,81.25687450545341,9.02122048433481
11210.0,0.91,4.51,10.18,-0.03,0.29,0.03,16.53,7.95,-123.09,11.171418889290653,16.792649149732416,1.729186625704768,81.60981650725401,9.02122048433481
11238.0,0.26,-0.42,9.54,-0.02,0.44,0.05,16.53,7.95,-123.09,9.552779700171044,25.398256786191208,1.6810581709137813,82.07505823690022,9.069348939125797
11266.0,0.21,-3.39,9.34,-0.06,0.4,0.03,16.53,7.95,-123.09,9.9384002736859,23.238365789722216,1.6489725343864547,82.7809422405014,9.149563030444114
11293.0,0.21,-1.59,9.59,-0.04,0.4,0.03,16.88,7.95,-125.09,9.723183635003506,23.096667116207662,1.5561533715752578,83.39973665924272,9.195972611849712
11321.0,0.14,-1.11,9.61,-0.01,0.37,0.03,16.88,7.95,-125.09,9.674905684294808,21.276724270117793,1.4919820985206087,84.04144938978921,9.244101066640699
11349.0,-0.02,-0.54,9.29,0.02,0.32,0.03,16.88,7.95,-125.09,9.305702552736145,18.45066444592763,1.4759392802569453,84.63503366554475,9.29222952143169
11377.0,-0.05,-0.62,9.58,-0.0,0.29,0.03,16.88,7.95,-125.09,9.600171873461433,16.704446705922294,1.5080249167842719,85.14840384998197,9.34035797622268
11405.0,-0.23,-0.63,9.69,-0.01,0.35,0.04,17.91,8.98,-122.76,9.713181765003679,20.1921902891058,1.5080249167842719,85.61364557962818,9.388486431013668
11433.0,-0.34,-0.42,9.7,-0.0,0.36,0.03,17.91,8.98,-122.76,9.71503988669115,20.697976439172322,1.4919820985206085,86.1751442188564,9.45265770406832
11460.0,-0.37,-0.55,9.59,0.02,0.35,0.03,17.91,8.98,-122.76,9.612881982007268,20.159648462496904,1.4919820985206085,86.73205919572358,9.499067285473918
11488.0,-0.47,-1.26,9.44,0.02,0.39,0.03,17.91,8.98,-122.76,9.53530807053448,22.440643798514373,1.524067735047933,87.29355783495176,9.547195740264906
11516.0,-0.6,-1.29,9.45,0.0,0.4,0.04,17.91,8.98,-122.76,9.55649517344094,23.03261830886575,1.5561533715752596,87.91922774723463,9.595324195055897
11544.0,-0.79,-0.7,9.56,0.01,0.27,0.03,20.32,8.29,-123.09,9.61809232644395,15.57560237248845,1.5561533715752596,88.56094047778116,9.65949546811055
11572.0,-0.8,-0.8,9.51,0.01,0.16,0.02,20.32,8.29,-123.09,9.577061135859998,9.256416462935672,1.572196189838923,88.99409657090007,9.70762392290154
11599.0,-0.78,-0.94,9.5,0.01,0.08,0.01,20.32,8.29,-123.09,9.578204424629911,4.654731131878351,1.5876660503074547,89.24161433839657,9.738563643838603
11627.0,-0.78,-0.85,9.49,0.0,0.02,0.0,20.32,8.29,-123.09,9.559864015769262,1.1459155902616465,1.603708868571118,89.36995688450588,9.754606462102267
11655.0,-0.81,-0.82,9.5,0.0,-0.02,-0.0,20.32,8.29,-123.09,9.569665615892752,1.1459155902616465,1.603708868571118,89.40204252103321,9.754606462102267
11683.0,-0.72,-0.97,9.54,0.01,-0.12,-0.01,20.32,7.95,-124.09,9.616179074871681,6.923075379495116,1.603708868571118,89.36995688450588,9.754606462102267
11711.0,-0.68,-0.92,9.55,0.02,-0.13,-0.01,20.32,7.95,-124.09,9.618279471922202,7.557832393630091,1.6197516868347814,89.17744306534192,9.738563643838603
11739.0,-0.63,-0.86,9.5,0.03,-0.12,-0.0,20.32,7.95,-124.09,9.559628653875631,7.087096525036165,1.651837323362108,88.9688864279143,9.72252082557494
11766.0,-0.62,-0.78,9.54,0.01,-0.09,0.0,20.32,7.95,-124.09,9.591892409738549,5.188353502807639,1.6982469047677033,88.78324810229192,9.72252082557494
11794.0,-0.63,-0.68,9.46,0.0,-0.09,-0.0,20.49,7.43,-122.92,9.505309042845479,5.156620156177409,1.7142897230313667,88.63886273791896,9.72252082557494
11822.0,-0.66,-0.76,9.42,-0.01,-0.13,-0.01,20.49,7.43,-122.92,9.473626549532128,7.492395383667417,1.7142897230313667,88.49447737354599,9.72252082557494
11850.0,-0.55,-0.88,9.52,-0.04,-0.39,-0.04,20.49,7.43,-122.92,9.57639284908467,22.579190112951878,1.6982469047677045,88.28592073611838,9.706478007311278
11878.0,-0.43,-0.98,9.51,-0.03,-0.5,-0.05,20.49,7.43,-122.92,9.57002612326633,28.84203753365868,1.6340756317130511,87.66025082383551,9.642306734256625
11905.0,-0.08,-0.99,9.67,-0.03,-0.65,-0.06,19.29,8.29,-123.42,9.720874446262538,37.44006292001944,1.5876660503074558,86.88675780040892,9.564957431913966
11933.0,0.02,-0.73,9.67,-0.01,-0.61,-0.06,19.29,8.29,-123.42,9.69753576946226,35.12376156299911,1.5395375955164659,85.8439746132708,9.468700522331986
11961.0,0.12,-0.61,9.59,-0.01,-0.51,-0.05,19.29,8.29,-123.42,9.610130071960524,29.366532450190387,1.5234947772528025,84.86536269918734,9.372443612750006
11989.0,0.35,-0.72,9.62,-0.01,-0.36,-0.03,19.29,8.29,-123.42,9.653253337605928,20.705905179719476,1.507451958989139,84.04717896774052,9.29222952143169
12017.0,0.37,-0.93,9.63,-0.01,-0.29,-0.02,19.29,8.29,-123.42,9.681874818442965,16.66509577563218,1.4914091407254768,83.46963751024867,9.244101066640702
12044.0,0.42,-0.82,9.52,-0.01,-0.14,-0.01,16.88,7.6,-123.42,9.564475939642485,8.062230815985892,1.475939280256944,83.02101155666122,9.213161345703638
12072.0,0.44,-0.79,9.51,-0.0,-0.11,-0.01,16.88,7.6,-123.42,9.552894849206705,6.32852569483156,1.4598964619932806,82.79641210096993,9.197118527439974
12100.0,0.46,-0.88,9.56,-0.01,-0.1,-0.01,16.88,7.6,-123.42,9.611430694750913,5.786590081396796,1.4598964619932806,82.61994110006965,9.181075709176312
12128.0,0.39,-0.99,9.6,-0.0,-0.12,-0.01,16.88,7.6,-123.42,9.658788743936787,6.899325479724107,1.4438536437296172,82.45951291743302,9.165032890912649
12156.0,0.53,-0.91,9.6,-0.01,-0.12,-0.01,16.88,7.6,-123.42,9.65758769051568,6.923075379495116,1.4438536437296172,82.26699909826905,9.148990072648985
12183.0,0.5,-0.8,9.58,-0.01,-0.14,-0.01,15.33,6.74,-122.92,9.626338867918582,8.062230815985892,1.4283837832610855,82.08136077264668,9.133520212180454
12211.0,0.62,-0.79,9.55,-0.0,-0.14,-0.01,15.33,6.74,-122.92,9.602655882619143,8.041845876117707,1.4123409649974221,81.85676131695539,9.11747739391679
12240.0,0.66,-0.78,9.59,-0.0,-0.13,-0.01,15.33,6.74,-122.92,9.644278096363667,7.470455672192939,1.4123409649974221,81.62414045213227,9.100861617857996
12317.0,0.65,-0.96,9.48,-0.01,-0.1,-0.01,15.67,8.81,-122.92,9.550628251586385,5.786590081396796,1.4123409649974221,81.05060969920632,9.056743867632923
12391.0,0.78,-0.82,9.53,0.0,0.04,0.0,15.67,8.81,-122.92,9.596963061302258,2.291831180523293,1.3699420881577413,80.62662093080951,9.014344990793242
12466.0,0.65,-1.02,9.59,0.03,0.26,0.02,15.67,8.12,-124.25,9.665971239353032,15.039460014103204,1.3699420881577413,80.79850826934876,9.014344990793242
12541.0,0.47,-0.67,9.6,0.01,0.52,0.04,16.19,7.95,-124.42,9.634822260944931,29.887315166106767,1.4988575920621754,81.91577596985385,9.100288660062866
12616.0,-0.17,-1.1,9.45,-0.0,0.38,0.03,16.19,7.95,-124.42,9.515324482118304,21.840141086007353,1.5418294266969867,84.15031137086405,9.27217599860211
12690.0,-0.25,-0.84,9.55,-0.0,0.01,0.0,19.46,8.47,-122.59,9.590130343222663,0.5729577951308232,1.5418294266969867,85.76146869077192,9.399372629121153
12765.0,-0.08,-0.88,9.53,0.01,-0.13,-0.01,19.46,8.47,-122.59,9.570877702697908,7.492395383667417,1.5418294266969867,85.80444052540673,9.399372629121153
12840.0,-0.02,-0.93,9.55,-0.0,-0.07,-0.0,18.08,7.78,-123.26,9.595196715023617,4.010704565915763,1.584801261331798,85.24580667515418,9.356400794486342
12915.0,-0.04,-0.96,9.55,-0.0,-0.05,-0.01,18.42,8.12,-123.26,9.59821337541524,2.9215229778371645,1.584801261331798,84.9450038327105,9.356400794486342
12989.0,0.18,-0.99,9.64,0.02,-0.2,-0.02,18.42,8.12,-123.26,9.692373290376306,11.573180162793593,1.584801261331798,84.73300944851209,9.314001917646662
13065.0,0.23,-0.35,9.6,0.02,0.06,0.0,17.39,9.5,-122.92,9.609131074139846,3.623703271523066,1.6718908461916817,83.86211359991326,9.226912332786778
13139.0,0.05,-0.8,9.51,0.0,0.21,0.02,17.39,9.5,-122.92,9.543720448546258,12.08655792918408,1.7566885998710453,84.11650686095135,9.226912332786778
13215.0,-0.09,-0.66,9.58,0.02,0.07,0.01,18.25,8.98,-124.09,9.603129698176527,4.2103627266618515,1.7566885998710453,85.03094750198012,9.314001917646662
13289.0,-0.01,-0.8,9.54,0.01,-0.0,0.0,18.08,8.47,-122.92,9.57348943698169,0.5729577951308232,1.841486353550407,85.32773963985788,9.356400794486342
13364.0,-0.07,-0.51,9.53,0.01,0.0,-0.0,18.08,8.47,-122.92,9.543893335531365,0.5729577951308232,1.8844581881852194,85.32773963985788,9.356400794486342
13439.0,-0.04,-0.52,9.56,-0.05,-0.29,-0.03,19.11,7.78,-123.59,9.574215372551425,16.948320141713975,1.9274300228200307,85.32773963985788,9.356400794486342
13514.0,0.26,-1.21,9.55,-0.03,0.09,0.01,19.11,7.78,-123.59,9.629859812063726,5.465669015327115,1.712570849645969,84.08155643544832,9.227485290581905
13589.0,0.38,0.85,9.89,-0.05,0.06,0.0,17.39,8.81,-124.92,9.933730417119241,4.474943433728703,1.583655345741535,84.46830294716162,9.270457125216716
13663.0,0.06,-0.85,9.46,0.0,0.18,0.01,17.39,8.81,-124.92,9.498299847867512,10.329143545104873,1.3716609615431308,84.72269620819971,9.270457125216716
13739.0,1.72,-1.22,11.6,0.02,0.35,0.03,18.77,10.19,-123.92,11.790114503260773,20.159648462496904,1.3716609615431308,85.50650247193867,9.314001917646658
13813.0,-0.81,-1.18,9.39,0.06,0.48,0.05,19.8,6.74,-123.92,9.498452505540047,27.863662748780488,1.4564587152224924,86.9904631613275,9.441198548165701
13889.0,-0.81,-0.35,9.49,-0.02,-0.05,-0.0,19.8,6.74,-123.92,9.530933847215602,3.08547215431189,1.7177274698021496,89.08061319796475,9.658922510315415
13964.0,-0.53,-0.71,9.61,-0.1,-0.44,-0.06,20.84,6.05,-125.59,9.650756447035642,26.080595770082272,1.631783800532527,88.86575402479069,9.658922510315415
14040.0,-0.35,-0.98,9.54,-0.01,-0.2,-0.02,20.84,6.05,-125.59,9.596587935302837,11.530553203358267,1.1963358762330984,86.9497831578732,9.397653755735758
14114.0,-0.52,-2.38,9.35,0.02,0.14,0.03,19.63,7.6,-123.76,9.662158144017308,8.283154756205239,1.1539369993934177,86.10180562107958,9.312856002056396
14191.0,-0.32,-0.53,9.52,0.06,0.11,0.01,19.46,6.74,-123.59,9.540110062258192,7.201967809577154,1.2421724998435644,86.71945412423061,9.445209252731615
14265.0,-0.44,-0.05,9.58,0.03,0.19,0.01,19.46,6.74,-123.59,9.590229402887086,11.035946519688999,1.4965657608816494,87.1858417694671,9.487608129571296
14341.0,-0.36,-1.6,9.44,-0.01,-0.09,-0.02,22.21,8.12,-122.59,9.581398645291824,5.313392006063641,1.627200138171478,88.01319282563601,9.531152922001239
14415.0,-0.65,-1.15,9.38,0.14,0.26,0.04,19.46,8.47,-123.26,9.472560371937464,17.073757755135304,1.5848012613317972,87.63160293407888,9.446355168321876
14490.0,-0.54,0.44,9.5,-0.02,-0.38,-0.03,19.46,8.47,-123.26,9.525502611411117,21.870182559748127,2.1864069462191558,88.74887063458398,9.61824250686112
14565.0,-0.09,-1.48,9.64,-0.06,-0.52,-0.05,18.77,7.43,-122.59,9.753363522395748,30.1279928932919,2.100463276949533,87.11594091846115,9.489327002956687
14640.0,0.13,-1.44,9.5,-0.03,-0.22,-0.01,18.77,7.43,-122.59,9.609396443065506,12.734623421624221,1.842632269140659,84.8814055174509,9.274467829782624
14714.0,0.3,-0.75,9.75,0.06,0.36,0.04,16.88,7.26,-124.42,9.783404315472197,21.036213917470583,1.7154356386216165,83.94863022697793,9.232068952942944
14788.0,-0.31,-2.2,9.32,0.08,0.09,0.0,19.46,7.78,-123.59,9.581153375246636,6.899325479724108,1.9698288996597015,85.47498979320643,9.401664460301667
14865.0,-0.32,-1.2,9.42,-0.01,0.0,-0.0,19.46,7.78,-123.59,9.501515668565727,0.5729577951308232,2.3227709014602884,85.87204954523209,9.401664460301667
14939.0,-0.23,-1.04,9.41,-0.02,-0.25,-0.01,17.22,6.57,-123.42,9.470089756702414,14.3811265223118,2.2803720246206076,85.87204954523209,9.401664460301667
15016.0,0.28,-0.61,9.64,-0.01,-0.29,-0.02,17.22,6.57,-123.42,9.66333793261935,16.66509577563218,2.192136524170461,84.76910578960525,9.357546710076594
15090.0,0.26,-0.72,9.7,-0.02,-0.04,0.0,17.22,6.22,-123.09,9.730159299826493,2.5623451563018373,2.14973764733078,83.5395383612545,9.272748956397232
15165.0,0.23,-0.3,9.63,-0.0,0.22,0.02,17.22,6.22,-123.09,9.637416666306382,12.65705138966312,2.063793978061155,83.36765102271525,9.272748956397232
15239.0,-0.09,-0.77,9.59,-0.0,0.13,0.01,17.05,7.78,-123.59,9.621283698135088,7.470455672192939,2.063793978061155,84.30042631318823,9.357546710076594
15314.0,-0.01,-0.36,9.63,-0.04,-0.1,-0.01,18.42,6.74,-123.59,9.636731811148426,6.197486127062923,2.063793978061155,84.85906016344077,9.400518544711405
15388.0,0.24,-1.16,9.59,-0.0,-0.05,-0.01,18.42,6.74,-123.59,9.662882592684234,2.9215229778371645,1.894198470702432,84.43507139504396,9.358119667871724
15463.0,-0.08,-0.81,9.34,0.02,0.06,0.0,19.29,7.6,-122.43,9.375398658190488,3.623703271523066,1.894198470702432,84.2202122218699,9.315147833236912
15539.0,0.01,-0.84,9.47,0.02,-0.12,-0.0,19.29,7.6,-122.43,9.50718675529202,6.9703324153281105,1.9812880555623156,84.48148097644955,9.315147833236912
15613.0,0.16,-0.45,9.7,-0.03,-0.0,-0.01,17.74,7.43,-123.59,9.711750614590553,1.811851635761533,2.0660858092416774,83.97269445437338,9.315147833236912
15687.0,0.26,-0.03,9.56,0.04,-0.01,-0.0,17.05,6.74,-123.59,9.563581964933432,2.362365508345388,1.938889178722632,83.97269445437338,9.27274895639723
15763.0,0.09,-1.13,9.63,-0.06,-0.03,-0.0,17.05,6.74,-123.59,9.696489055323067,3.843517734452756,2.113068348442399,83.92914966194344,9.27274895639723
15838.0,0.43,-0.52,9.54,0.01,-0.11,-0.01,16.36,7.08,-123.26,9.563832913638755,6.354409343530243,1.855237340633525,83.800234158039,9.27274895639723
15914.0,0.5,-0.63,9.63,-0.0,-0.17,-0.02,16.36,7.08,-123.26,9.663529375957834,9.807457675429658,1.8987821330634669,83.32124144130964,9.229204163967289
15989.0,0.5,-1.41,9.78,0.01,0.22,0.01,16.01,8.12,-123.59,9.893760660133234,12.631088179985554,1.8987821330634669,82.59072025251783,9.143260494697664
16065.0,0.07,-1.31,9.5,0.12,0.71,0.06,16.53,7.26,-123.09,9.590151197973888,41.39991781804804,1.9423269254934097,83.54870568597657,9.186805287127607
16139.0,-0.47,-0.01,9.63,-0.0,0.44,0.03,16.53,7.26,-123.09,9.641467730589572,25.268672997949146,2.4511134475695675,86.55902594159384,9.441198548165685
16216.0,-0.72,-2.15,9.46,0.04,0.37,0.01,18.6,8.29,-124.09,9.727923725029921,21.330657751500016,2.4511134475695675,88.50020695149712,9.573551798840908
16290.0,0.45,-14.19,10.24,0.36,-0.75,0.05,20.15,8.12,-122.26,17.50474792734817,47.75183023422409,2.6207089549282867,90.06896539456527,9.615950675680589
16366.0,0.18,2.22,11.64,4.37,-1.26,0.39,20.15,8.12,-122.26,11.851177156721606,261.53875963737136,4.18832148240623,86.80310596231955,9.833674637830303
16441.0,-0.08,10.67,-4.13,2.98,-2.96,-0.48,14.12,-18.66,-109.78,11.441686938559366,242.22227026008545,22.967013217818785,81.38865479833332,11.509576188587944
16516.0,-0.06,5.62,0.33,-2.42,-3.43,0.95,14.12,-18.66,-109.78,5.63,246.59693482755932,35.77261993899317,68.66899174642856,9.446928126116903
16591.0,-4.61,1.08,-4.39,-3.85,0.49,0.46,5.17,-17.97,-114.44,6.456825845568394,223.92463185489305,25.373435957368827,53.929652466688275,13.52925241642398
16666.0,-5.4,-5.57,-14.08,-2.74,-0.88,-0.23,5.17,-17.97,-114.44,16.075798580474938,165.41421537072588,8.829279622966464,56.03527236379403,15.505956809625301
16741.0,0.98,-5.39,-7.89,-1.69,1.81,-0.14,5.51,-2.42,-123.42,9.605446371720577,142.1097044680702,-2.945003066971843,52.25375091593063,14.517604613024641
16815.0,-9.66,22.08,14.56,0.12,4.28,-0.16,17.22,10.71,-121.43,28.1573365217664,245.49352760522143,-10.110413252878075,59.92794762391304,13.924020337269095
16891.0,2.51,3.52,11.47,-0.25,-1.18,-0.08,17.22,10.71,-121.43,12.257707779189387,69.26156884789833,-9.587875743718762,78.5651187839286,13.22730365839001
16966.0,-1.96,-1.41,8.85,0.15,1.18,-0.08,23.25,9.85,-119.26,9.173450822891024,68.30704696641256,-10.662171609589045,73.49444229702085,12.88352898131152
17042.0,-1.01,-1.0,9.69,-0.0,0.22,-0.08,23.25,9.85,-119.26,9.79368163664717,13.412598107027721,-10.008999723139903,78.63272780375411,12.535170641871977
17116.0,-1.51,-0.49,9.49,-0.0,0.12,-0.08,25.83,11.75,-119.43,9.621865723444701,8.263314836083898,-10.008999723139903,79.56550309422707,12.195979627154538
17192.0,-1.49,-1.01,9.39,-0.0,0.13,-0.08,24.8,10.71,-118.43,9.560977983449183,8.745821171009252,-10.008999723139903,80.08804060338639,11.847621287714995
17267.0,-1.63,-0.76,9.39,-0.0,-0.0,-0.08,24.8,10.71,-118.43,9.560679892141563,4.583662361046586,-10.008999723139903,80.64667445363894,11.503846610636504
17344.0,-1.74,-0.82,9.31,0.0,0.18,-0.08,27.72,11.92,-118.27,9.506634525424863,11.285959701348204,-10.008999723139903,80.64667445363894,11.150904608835909
17419.0,-1.59,-0.84,9.46,-0.0,0.04,-0.08,27.72,11.92,-118.27,9.629397696637106,5.124690312603675,-10.008999723139903,81.42016747706555,10.807129931757418
17494.0,-1.69,-0.93,9.39,0.01,-0.06,-0.08,24.97,13.3,-117.93,9.586088879204073,5.758154577216438,-10.008999723139903,81.5920548156048,10.463355254678927
17569.0,-1.78,-0.65,9.38,0.01,0.0,-0.08,27.03,10.89,-118.93,9.569498419457522,4.619333423241533,-9.966027888505092,81.33422380779592,10.119580577600436
17643.0,-1.64,-0.61,9.43,0.0,-0.13,-0.08,27.03,10.89,-118.93,9.590964497901137,8.745821171009252,-9.92362901166541,81.33422380779592,9.78038956288298
17718.0,-1.65,-0.23,9.42,-0.01,-0.02,-0.08,26.69,10.54,-118.6,9.566180010850726,4.759344893478622,-9.92362901166541,80.77558995754337,9.43661488580449
17794.0,-2.98,-0.71,5.84,-0.08,-0.56,-0.08,26.69,10.54,-118.6,6.594702419366624,32.73389669201993,-9.967173804095353,80.68850037268349,9.088256546364947
17869.0,-0.81,-1.82,9.25,0.02,-0.27,-0.08,25.66,11.92,-119.26,9.462082223274114,16.175279475048832,-10.310948481173844,78.28207763313405,8.744481869286457
17945.0,-0.31,-0.8,10.87,-0.0,0.14,0.01,23.94,10.89,-119.6,10.903806674735204,8.041845876117707,-10.223858896313958,77.1063682375256,8.396123529846914
18020.0,-0.37,-1.18,10.5,0.05,-0.29,-0.05,23.94,10.89,-119.6,10.57257300755119,17.10257424442433,-10.223858896313958,77.70797392241296,8.439095364481725
18096.0,-1.85,-1.19,7.85,-0.02,-0.06,0.02,21.87,10.89,-120.26,8.152367754217176,3.800572054316517,-10.006134934164244,76.44517494194461,8.22137140233201
18171.0,-0.37,-1.69,9.68,0.02,-0.58,-0.04,21.35,10.71,-119.76,9.833381920783916,33.33019155126436,-10.092078603433867,76.18734393413574,8.307315071601634
18247.0,0.06,-0.38,9.24,-0.01,-0.18,-0.02,21.35,10.71,-119.76,9.248005190309962,10.392513118364892,-10.004989018573982,73.66174597319906,8.133135901881863
18322.0,-0.46,-0.42,9.74,0.03,0.05,0.02,19.8,9.5,-119.93,9.759897540445802,3.5319490554146764,-10.047960853208792,72.88825294977245,8.04719223261224
18398.0,-0.24,-0.59,9.65,-0.02,-0.06,0.01,19.8,9.5,-119.93,9.670997880260341,3.6687199450282586,-9.917326475918964,73.10597691192217,8.134281817472125
18472.0,-0.11,-0.62,9.45,0.0,-0.01,0.0,21.18,9.85,-120.26,9.47095560120519,0.5729577951308232,-10.002124229598328,72.85158365088408,8.176680694311807
18548.0,-0.19,-0.66,9.55,0.01,0.03,0.01,21.18,9.85,-120.26,9.574664484983273,1.9002860271582585,-10.002124229598328,72.80803885845414,8.176680694311807
18623.0,-0.28,-0.6,9.71,-0.01,-0.02,0.01,20.49,9.5,-119.93,9.73254848433852,1.403454242220617,-9.959152394963517,72.93695436235858,8.219652528946618
18697.0,-0.32,-0.59,9.69,0.01,0.02,0.01,19.97,8.98,-119.43,9.713217798443521,1.403454242220617,-10.001551271803198,72.85215660867922,8.262051405786298
18773.0,-0.27,-0.56,9.65,0.0,0.0,0.01,19.97,8.98,-119.43,9.670005170629434,0.5729577951308232,-9.958006479373255,72.9392461935391,8.305596198216241
18848.0,-0.23,-0.56,9.54,0.0,-0.0,0.01,20.49,10.19,-117.6,9.55918929616942,0.5729577951308232,-9.958006479373255,72.9392461935391,8.348568032851052
18924.0,-0.31,-0.56,9.64,0.01,0.01,0.01,20.49,10.19,-117.6,9.661226630195568,0.9923920117592256,-9.958006479373255,72.9392461935391,8.392112825280995
18998.0,-0.23,-0.58,9.6,-0.0,-0.01,0.01,20.32,9.33,-119.1,9.620254674383625,0.8102846845413955,-9.915607602533573,72.98164507037879,8.434511702120677
19075.0,-0.26,-0.55,9.56,0.0,0.0,0.0,20.49,8.47,-119.93,9.579337137819088,0.0,-9.915607602533573,72.93752732015372,8.47862945234575
19149.0,-0.18,-0.61,9.6,-0.0,-0.0,0.0,20.49,8.47,-119.93,9.621044641825543,0.0,-9.915607602533573,72.93752732015372,8.47862945234575
19226.0,-0.21,-0.58,9.58,-0.0,-0.0,0.0,22.04,9.68,-120.43,9.599838540308895,0.0,-9.915607602533573,72.93752732015372,8.47862945234575
19301.0,-0.22,-0.59,9.58,0.0,-0.0,0.0,22.04,9.68,-120.43,9.600671851490395,0.0,-9.915607602533573,72.93752732015372,8.47862945234575
19376.0,-0.21,-0.6,9.58,0.0,0.0,-0.0,19.97,10.71,-119.1,9.601067648964879,0.0,-9.915607602533573,72.93752732015372,8.47862945234575
19451.0,-0.2,-0.67,9.57,-0.0,-0.0,-0.0,19.29,10.37,-118.43,9.595509366365082,0.0,-9.915607602533573,72.93752732015372,8.47862945234575
19526.0,-0.19,-0.71,9.55,-0.0,-0.0,-0.0,19.29,10.37,-118.43,9.578240965855892,0.0,-9.915607602533573,72.93752732015372,8.47862945234575
19601.0,-0.2,-0.66,9.56,0.0,-0.0,-0.0,20.66,10.02,-119.1,9.58484220005734,0.0,-9.915607602533573,72.93752732015372,8.47862945234575
19677.0,-0.21,-0.67,9.56,0.0,-0.0,0.0,20.66,10.02,-119.1,9.585749840257673,0.0,-9.915607602533573,72.93752732015372,8.47862945234575
19752.0,-0.21,-0.7,9.56,-0.0,-0.0,-0.0,19.8,10.54,-120.6,9.587893407834695,0.0,-9.915607602533573,72.93752732015372,8.47862945234575
19826.0,-0.22,-0.68,9.63,-0.0,-0.01,0.0,20.66,8.98,-119.76,9.656484867693836,0.5729577951308232,-9.915607602533573,72.93752732015372,8.47862945234575
19901.0,-0.22,-0.66,9.55,-0.0,-0.01,0.0,20.66,8.98,-119.76,9.575306783597068,0.5729577951308232,-9.915607602533573,72.89455548551891,8.47862945234575
19977.0,-0.16,-0.89,9.58,0.0,-0.01,0.0,19.8,9.5,-118.27,9.622582813361493,0.5729577951308232,-9.915607602533573,72.85101069308897,8.47862945234575
20051.0,-0.21,-0.41,9.55,-0.0,-0.01,0.0,20.15,9.5,-119.93,9.561103492798308,0.5729577951308232,-9.915607602533573,72.80861181624928,8.47862945234575
20126.0,-0.23,-0.72,9.77,-0.0,-0.06,-0.0,20.15,9.5,-119.93,9.799193844393526,3.437746770784939,-9.915607602533573,72.76563998161447,8.47862945234575
20201.0,-0.1,-0.5,9.61,-0.04,-0.21,-0.05,20.15,9.85,-120.6,9.623518067733858,12.579000996524567,-9.915607602533573,72.5078089738056,8.47862945234575
20277.0,-0.59,-0.72,10.27,-0.01,-0.4,-0.04,20.15,9.85,-120.6,10.31209968920006,23.039743635659207,-10.089786772253344,71.59336833277679,8.260905490196036
20351.0,0.07,-1.0,10.18,-0.02,-1.25,-0.11,19.11,8.81,-119.26,10.229237508240777,71.905632611559,-10.132185649093024,69.8974132591896,8.091309982837316
20427.0,1.37,-0.81,9.45,-0.03,-1.66,-0.15,19.11,8.81,-119.26,9.583084054728936,95.51397199720384,-10.21927523395291,64.45431420544675,7.612317266107945
20502.0,2.76,-0.62,8.95,-0.02,-1.92,-0.17,12.91,8.47,-122.26,9.386399735787943,110.44421014584077,-10.348190737857344,57.320989656068065,6.967739746585774
20576.0,4.33,-0.72,8.28,-0.0,-1.91,-0.16,1.38,8.64,-120.43,9.371536693627144,109.8182393231568,-10.432988491536708,49.18040530284915,6.246958840311183
20653.0,5.72,-0.44,7.24,-0.0,-1.89,-0.15,1.38,8.64,-120.43,9.237402232229579,108.62953422413361,-10.432988491536708,40.753915009860336,5.541074836710025
20728.0,6.64,-0.61,6.57,-0.03,-1.76,-0.16,-6.2,7.6,-118.43,9.360908075608904,101.2709993930725,-10.432988491536708,32.63223826388061,4.8964973171878245
20804.0,7.39,-0.51,5.81,-0.02,-1.83,-0.16,-6.2,7.6,-118.43,9.414260459536903,105.25750876139259,-10.563622868826537,24.968354796210665,4.199780638308739
20879.0,8.07,-0.86,4.81,-0.01,-1.79,-0.15,-14.81,8.29,-114.11,9.434012931939408,102.92050937292768,-10.64956653809616,17.10450905804019,3.5122312841517576
20955.0,9.72,0.07,2.35,-0.01,-1.63,-0.14,-21.7,8.29,-106.79,10.000289995795123,93.73771640295828,-10.693111330526103,9.30999121308042,2.8590593977026146
21030.0,9.76,-0.18,2.07,-0.02,-1.14,-0.1,-21.7,8.29,-106.79,9.978722363108414,65.5780170370787,-10.736083165160913,2.305582167606172,2.257453712815256
21107.0,9.96,-0.23,1.55,-0.02,-0.7,-0.06,-26.0,7.78,-103.3,10.082509608227507,40.27041515685927,-10.824318665611058,-2.7238413580520753,1.8162762105645327
21181.0,9.68,-0.16,1.79,-0.0,-0.47,-0.04,-26.0,7.78,-103.3,9.845410098111708,27.026365143644696,-10.909116419290422,-5.691762736829804,1.5618829495264417
21257.0,9.87,-0.28,0.96,-0.01,-0.65,-0.06,-28.07,8.12,-100.63,9.920529219754357,37.404973818664885,-10.909116419290422,-7.738367981037118,1.3877037798066703
21332.0,10.01,-0.16,0.46,-0.02,-0.58,-0.06,-28.41,7.08,-98.31,10.021841148212237,33.428539925399036,-10.952088253925233,-10.531537232299856,1.1298727719978023
21407.0,9.97,-0.12,0.23,-0.02,-0.52,-0.05,-28.41,7.08,-98.31,9.973374554282016,29.953146336540502,-11.038031923194856,-13.023903641118913,0.8720417641889344
21482.0,9.84,-0.01,-0.34,-0.02,-0.08,0.0,-30.31,8.64,-96.14,9.845877309818562,4.724731016690776,-11.123975592464479,-15.258439042129103,0.6571825910148777
21558.0,10.02,-0.23,0.04,-0.03,0.02,-0.01,-30.31,8.64,-96.14,10.022719191915934,2.1438117664609555,-11.211065177324365,-15.606797381568645,0.6571825910148777
21633.0,9.94,0.01,0.24,0.0,-0.01,0.0,-29.79,7.08,-96.31,9.942901990867655,0.5729577951308232,-11.339980681228798,-15.520853712299022,0.6142107563800664
21707.0,9.93,-0.04,0.25,0.0,-0.0,0.0,-31.17,9.16,-94.31,9.933227068782832,0.0,-11.339980681228798,-15.563252589138704,0.6142107563800664
21783.0,9.95,-0.03,0.26,-0.0,-0.0,0.0,-31.17,9.16,-94.31,9.953441615843234,0.0,-11.339980681228798,-15.563252589138704,0.6142107563800664
21858.0,9.94,-0.03,0.23,-0.0,-0.0,-0.0,-29.1,10.19,-95.64,9.942705869128382,0.0,-11.339980681228798,-15.563252589138704,0.6142107563800664
21935.0,9.94,-0.02,0.26,-0.0,0.0,-0.0,-28.93,8.29,-94.81,9.94341993481116,0.0,-11.339980681228798,-15.563252589138704,0.6142107563800664
22010.0,9.94,-0.04,0.27,-0.0,-0.0,0.0,-28.93,8.29,-94.81,9.943746778754978,0.0,-11.339980681228798,-15.563252589138704,0.6142107563800664
22086.0,9.92,-0.03,0.23,0.0,0.0,0.0,-29.1,7.78,-96.31,9.922711323020538,0.0,-11.339980681228798,-15.563252589138704,0.6142107563800664
22161.0,9.93,-0.03,0.27,0.0,0.0,-0.0,-29.1,7.78,-96.31,9.933715317040246,0.0,-11.339980681228798,-15.563252589138704,0.6142107563800664
22237.0,9.95,-0.02,0.25,0.0,0.0,0.0,-31.86,9.5,-94.98,9.953160302135196,0.0,-11.339980681228798,-15.563252589138704,0.6142107563800664
22311.0,9.94,-0.02,0.27,0.0,0.0,0.0,-31.86,9.5,-94.98,9.94368643914318,0.0,-11.339980681228798,-15.563252589138704,0.6142107563800664
22387.0,9.94,-0.03,0.27,-0.0,-0.0,-0.0,-29.1,8.12,-94.98,9.943711580692593,0.0,-11.339980681228798,-15.563252589138704,0.6142107563800664
22462.0,9.94,-0.04,0.25,0.0,0.0,-0.0,-29.45,8.47,-95.98,9.943223823287896,0.0,-11.339980681228798,-15.563252589138704,0.6142107563800664
22537.0,9.95,-0.03,0.27,-0.0,0.0,-0.0,-29.45,8.47,-95.98,9.953707851850988,0.0,-11.339980681228798,-15.563252589138704,0.6142107563800664
22611.0,9.95,-0.04,0.24,0.0,0.0,-0.0,-29.1,7.78,-95.98,9.952974429787307,0.0,-11.339980681228798,-15.563252589138704,0.6142107563800664
22687.0,9.94,-0.02,0.26,-0.0,0.0,-0.0,-29.1,7.78,-95.98,9.94341993481116,0.0,-11.339980681228798,-15.563252589138704,0.6142107563800664
22762.0,9.94,-0.03,0.24,0.0,-0.0,0.0,-31.17,7.43,-94.98,9.942942220489869,0.0,-11.339980681228798,-15.563252589138704,0.6142107563800664
22839.0,9.93,-0.03,0.25,0.0,0.0,0.0,-31.17,8.12,-94.98,9.933191833444072,0.0,-11.339980681228798,-15.563252589138704,0.6142107563800664
22914.0,9.94,-0.02,0.25,-0.0,-0.0,-0.0,-31.17,8.12,-94.98,9.94316348050257,0.0,-11.339980681228798,-15.563252589138704,0.6142107563800664
22990.0,9.95,-0.03,0.26,-0.0,0.0,0.0,-30.31,7.6,-95.81,9.953441615843234,0.0,-11.339980681228798,-15.563252589138704,0.6142107563800664
23065.0,9.95,-0.02,0.26,0.0,-0.0,0.0,-30.31,7.6,-95.81,9.953416498871128,0.0,-11.339980681228798,-15.563252589138704,0.6142107563800664
23142.0,9.93,-0.03,0.27,-0.0,0.0,-0.0,-30.13,7.78,-96.64,9.933715317040246,0.0,-11.339980681228798,-15.563252589138704,0.6142107563800664
23217.0,9.95,-0.03,0.24,0.0,0.0,0.0,-29.96,6.57,-96.81,9.95293926435804,0.0,-11.339980681228798,-15.563252589138704,0.6142107563800664
23293.0,9.93,-0.03,0.28,0.0,0.0,0.0,-29.96,6.57,-96.81,9.933992148174871,0.0,-11.339980681228798,-15.563252589138704,0.6142107563800664
23368.0,9.94,-0.02,0.27,-0.0,0.0,0.0,-29.27,7.26,-96.14,9.94368643914318,0.0,-11.339980681228798,-15.563252589138704,0.6142107563800664
23443.0,9.94,-0.02,0.26,0.0,0.0,0.0,-27.72,9.5,-95.31,9.94341993481116,0.0,-11.339980681228798,-15.563252589138704,0.6142107563800664
23518.0,9.94,-0.02,0.24,-0.0,0.0,-0.0,-27.72,9.5,-95.31,9.94291707699506,0.0,-11.339980681228798,-15.563252589138704,0.6142107563800664
23594.0,9.95,-0.02,0.24,-0.0,-0.0,0.0,-27.55,11.06,-96.48,9.95291414611821,0.0,-11.339980681228798,-15.563252589138704,0.6142107563800664
23669.0,9.94,-0.03,0.24,0.0,0.0,-0.0,-27.55,11.06,-96.48,9.942942220489869,0.0,-11.339980681228798,-15.563252589138704,0.6142107563800664
23744.0,9.94,-0.03,0.26,-0.0,0.0,0.0,-24.97,12.61,-94.98,9.943445077034417,0.0,-11.339980681228798,-15.563252589138704,0.6142107563800664
23820.0,9.95,-0.03,0.25,0.0,0.0,0.0,-21.7,16.59,-94.15,9.953185419753819,0.0,-11.339980681228798,-15.563252589138704,0.6142107563800664
23894.0,9.93,-0.03,0.27,0.0,0.0,0.0,-21.7,16.59,-94.15,9.933715317040246,0.0,-11.339980681228798,-15.563252589138704,0.6142107563800664
23971.0,9.95,-0.04,0.24,-0.0,0.0,0.0,-19.46,17.45,-96.64,9.952974429787307,0.0,-11.339980681228798,-15.563252589138704,0.6142107563800664
24046.0,9.95,-0.05,0.25,-0.0,0.0,0.0,-19.46,17.45,-96.64,9.953265795707456,0.0,-11.339980681228798,-15.563252589138704,0.6142107563800664
24123.0,9.93,-0.03,0.25,-0.0,-0.0,0.0,-18.94,19.01,-95.48,9.933191833444072,0.0,-11.339980681228798,-15.563252589138704,0.6142107563800664
24197.0,9.93,-0.05,0.28,0.0,-0.0,0.0,-18.08,21.94,-93.65,9.934072679420057,0.0,-11.339980681228798,-15.563252589138704,0.6142107563800664
24274.0,9.94,-0.01,0.23,-0.0,-0.0,0.0,-18.08,21.94,-93.65,9.942665638549855,0.0,-11.339980681228798,-15.563252589138704,0.6142107563800664
24349.0,9.96,-0.02,0.27,-0.0,-0.0,-0.0,-18.42,21.25,-93.65,9.963679039391023,0.0,-11.339980681228798,-15.563252589138704,0.6142107563800664
24425.0,9.94,-0.04,0.26,0.0,-0.0,0.0,-18.42,21.25,-93.65,9.943480276040175,0.0,-11.339980681228798,-15.563252589138704,0.6142107563800664
24500.0,9.93,-0.03,0.23,-0.0,-0.0,0.0,-17.91,23.5,-95.81,9.932708593329414,0.0,-11.339980681228798,-15.563252589138704,0.6142107563800664
24577.0,9.93,-0.03,0.23,0.0,0.0,0.0,-18.77,24.02,-94.65,9.932708593329414,0.0,-11.339980681228798,-15.563252589138704,0.6142107563800664
24651.0,9.95,-0.05,0.28,0.0,0.0,0.0,-18.77,24.02,-94.65,9.954064496475798,0.0,-11.339980681228798,-15.563252589138704,0.6142107563800664
24726.0,9.94,-0.03,0.25,-0.0,0.0,0.0,-17.05,25.05,-94.65,9.943188623374294,0.0,-11.339980681228798,-15.563252589138704,0.6142107563800664
24801.0,9.93,-0.04,0.29,0.0,0.0,-0.0,-17.05,25.05,-94.65,9.934314269238717,0.0,-11.339980681228798,-15.563252589138704,0.6142107563800664
24878.0,9.93,-0.03,0.26,-0.0,-0.0,0.0,-17.91,23.15,-96.14,9.933448545193155,0.0,-11.339980681228798,-15.563252589138704,0.6142107563800664
24953.0,9.96,-0.03,0.31,-0.01,0.03,-0.0,-17.91,23.15,-96.14,9.964868288141094,1.811851635761533,-11.339980681228798,-15.563252589138704,0.6142107563800664
25030.0,9.95,-0.02,0.27,-0.0,-0.0,0.0,-17.91,24.19,-95.15,9.953682735550696,0.0,-11.384098431453873,-15.430899338463481,0.6142107563800664
25105.0,9.96,-0.04,0.25,0.0,-0.0,-0.0,-17.91,23.5,-93.81,9.963217351839717,0.0,-11.384098431453873,-15.430899338463481,0.6142107563800664
25181.0,9.98,-0.05,0.3,-0.0,-0.0,0.0,-17.91,23.5,-93.81,9.984633193062228,0.0,-11.384098431453873,-15.430899338463481,0.6142107563800664
25256.0,9.94,-0.01,0.25,-0.0,-0.0,-0.0,-17.05,24.02,-95.31,9.943148394749018,0.0,-11.384098431453873,-15.430899338463481,0.6142107563800664
25332.0,10.07,-0.05,0.27,0.0,-0.01,-0.0,-17.39,23.67,-94.65,10.073743097776516,0.5729577951308232,-11.384098431453873,-15.430899338463481,0.6142107563800664
25407.0,9.94,-0.03,0.25,0.0,-0.0,-0.0,-17.39,23.67,-94.65,9.943188623374294,0.0,-11.384098431453873,-15.473871173098292,0.6142107563800664
25484.0,9.94,-0.04,0.28,0.0,0.0,0.0,-18.08,24.02,-94.31,9.94402333062428,0.0,-11.384098431453873,-15.473871173098292,0.6142107563800664
25558.0,9.95,-0.04,0.27,0.0,-0.0,0.0,-18.08,24.02,-94.31,9.953743014564923,0.0,-11.384098431453873,-15.473871173098292,0.6142107563800664
25633.0,9.94,-0.03,0.27,0.0,-0.0,-0.0,-17.39,23.67,-94.31,9.943711580692593,0.0,-11.384098431453873,-15.473871173098292,0.6142107563800664
25709.0,9.95,-0.02,0.25,0.0,0.0,-0.0,-18.25,23.15,-94.15,9.953160302135196,0.0,-11.384098431453873,-15.473871173098292,0.6142107563800664
25784.0,9.93,-0.04,0.26,-0.0,-0.0,-0.0,-18.25,23.15,-94.15,9.933483779621326,0.0,-11.384098431453873,-15.473871173098292,0.6142107563800664
25861.0,9.94,-0.03,0.27,-0.0,0.0,0.0,-16.53,22.81,-95.48,9.943711580692593,0.0,-11.384098431453873,-15.473871173098292,0.6142107563800664
25936.0,9.96,-0.02,0.27,-0.0,0.0,0.0,-16.53,22.81,-95.48,9.963679039391023,0.0,-11.384098431453873,-15.473871173098292,0.6142107563800664
26012.0,9.95,-0.04,0.27,-0.0,0.0,0.0,-16.7,23.67,-95.64,9.953743014564923,0.0,-11.384098431453873,-15.473871173098292,0.6142107563800664
26087.0,9.94,-0.04,0.25,-0.0,0.0,0.0,-18.42,23.67,-96.64,9.943223823287896,0.0,-11.384098431453873,-15.473871173098292,0.6142107563800664
26165.0,9.95,-0.05,0.27,-0.0,0.0,0.0,-18.42,23.67,-96.64,9.953788223586033,0.0,-11.384098431453873,-15.473871173098292,0.6142107563800664
26239.0,9.95,-0.03,0.27,0.0,-0.0,0.0,-16.7,24.36,-95.64,9.953707851850988,0.0,-11.384098431453873,-15.473871173098292,0.6142107563800664
26315.0,9.94,-0.02,0.26,0.01,-0.01,-0.0,-16.7,24.36,-95.64,9.94341993481116,0.8102846845413955,-11.384098431453873,-15.473871173098292,0.6142107563800664
26390.0,9.93,-0.05,0.26,-0.0,0.0,0.0,-18.6,24.53,-95.81,9.933529080845336,0.0,-11.341126596819063,-15.516843007733103,0.6142107563800664
26466.0,9.95,-0.03,0.25,-0.01,0.01,-0.0,-19.46,23.67,-93.98,9.953185419753819,0.8102846845413955,-11.341126596819063,-15.516843007733103,0.6142107563800664
26541.0,9.96,-0.02,0.28,-0.01,0.02,0.0,-19.46,23.67,-93.98,9.96395503803585,1.2811725781509187,-11.384098431453873,-15.473871173098292,0.6142107563800664
26617.0,9.94,-0.03,0.24,0.0,-0.01,-0.0,-16.53,23.84,-95.81,9.942942220489869,0.5729577951308232,-11.427643223883816,-15.386781588238406,0.6142107563800664
26692.0,9.95,-0.03,0.26,0.0,-0.01,-0.0,-16.53,23.84,-95.81,9.953441615843234,0.5729577951308232,-11.427643223883816,-15.429753422873217,0.6142107563800664
26767.0,9.93,-0.04,0.27,0.0,-0.0,-0.0,-16.53,24.19,-95.15,9.933750550522195,0.0,-11.427643223883816,-15.472725257508028,0.6142107563800664
26844.0,9.96,-0.02,0.25,-0.0,0.0,-0.0,-17.05,23.67,-93.98,9.963157130147051,0.0,-11.427643223883816,-15.472725257508028,0.6142107563800664
26919.0,9.94,-0.03,0.25,-0.0,-0.0,-0.0,-17.05,23.67,-93.98,9.943188623374294,0.0,-11.427643223883816,-15.472725257508028,0.6142107563800664
26994.0,9.94,-0.04,0.26,0.0,-0.0,0.0,-17.74,24.02,-95.31,9.943480276040175,0.0,-11.427643223883816,-15.472725257508028,0.6142107563800664
27069.0,9.93,-0.04,0.26,-0.0,-0.0,-0.0,-17.74,24.02,-95.31,9.933483779621326,0.0,-11.427643223883816,-15.472725257508028,0.6142107563800664
27144.0,9.95,-0.04,0.26,-0.0,-0.0,-0.0,-16.7,22.29,-94.98,9.953476779497704,0.0,-11.427643223883816,-15.472725257508028,0.6142107563800664
27219.0,9.93,-0.03,0.24,-0.0,-0.0,0.0,-16.7,22.29,-94.98,9.932945182572992,0.0,-11.427643223883816,-15.472725257508028,0.6142107563800664
27294.0,9.96,-0.02,0.25,-0.0,0.0,-0.0,-16.7,22.29,-94.98,9.963157130147051,0.0,-11.427643223883816,-15.472725257508028,0.6142107563800664
27370.0,9.94,-0.03,0.24,-0.0,0.0,-0.0,-18.08,22.63,-94.98,9.942942220489869,0.0,-11.427643223883816,-15.472725257508028,0.6142107563800664
27445.0,9.95,-0.04,0.26,0.0,0.0,-0.0,-18.08,22.63,-94.98,9.953476779497704,0.0,-11.427643223883816,-15.472725257508028,0.6142107563800664
27520.0,9.94,-0.05,0.28,-0.0,0.0,0.0,-18.94,23.5,-96.81,9.944068583834284,0.0,-11.427643223883816,-15.472725257508028,0.6142107563800664
27596.0,9.94,-0.04,0.3,-0.0,0.01,0.0,-16.88,22.46,-95.81,9.944606578442407,0.5729577951308232,-11.427643223883816,-15.472725257508028,0.6142107563800664
27671.0,9.95,-0.04,0.28,0.0,-0.0,-0.0,-16.88,22.46,-95.81,9.95401928870946,0.0,-11.427643223883816,-15.429753422873217,0.6142107563800664
27748.0,9.94,-0.04,0.27,0.01,-0.01,-0.0,-17.56,24.19,-94.81,9.943746778754978,0.8102846845413955,-11.427643223883816,-15.429753422873217,0.6142107563800664
27823.0,9.95,-0.03,0.26,-0.01,0.01,0.0,-17.56,24.19,-94.81,9.953441615843234,0.8102846845413955,-11.384671389249005,-15.472725257508028,0.6142107563800664
27899.0,9.93,-0.04,0.27,0.0,-0.01,-0.0,-18.77,24.36,-95.64,9.933750550522195,0.5729577951308232,-11.428216181678948,-15.429180465078085,0.6142107563800664
27974.0,9.94,-0.04,0.25,0.0,-0.0,-0.0,-16.7,24.71,-95.31,9.943223823287896,0.0,-11.428216181678948,-15.472152299712896,0.6142107563800664
28051.0,9.94,-0.03,0.26,0.0,-0.01,-0.0,-16.7,24.71,-95.31,9.943445077034417,0.5729577951308232,-11.428216181678948,-15.472152299712896,0.6142107563800664
28126.0,9.94,-0.03,0.29,0.01,-0.0,-0.0,-16.53,23.5,-94.15,9.944274734740588,0.5729577951308232,-11.428216181678948,-15.515124134347706,0.6142107563800664
28202.0,9.94,-0.04,0.28,-0.0,0.01,-0.0,-16.53,23.5,-94.15,9.94402333062428,0.5729577951308232,-11.384671389249005,-15.515124134347706,0.6142107563800664
28277.0,9.96,-0.03,0.28,-0.0,0.0,-0.0,-17.39,22.63,-94.31,9.96398012844265,0.0,-11.384671389249005,-15.472152299712896,0.6142107563800664
28353.0,9.93,-0.03,0.26,-0.0,0.01,0.0,-17.39,22.98,-95.98,9.933448545193155,0.5729577951308232,-11.384671389249005,-15.472152299712896,0.6142107563800664
28428.0,9.95,-0.03,0.27,0.0,-0.0,-0.0,-17.39,22.98,-95.98,9.953707851850988,0.0,-11.384671389249005,-15.429180465078085,0.6142107563800664
28504.0,9.94,-0.03,0.26,-0.0,0.0,-0.0,-18.42,23.67,-95.64,9.943445077034417,0.0,-11.384671389249005,-15.429180465078085,0.6142107563800664
28579.0,9.94,-0.03,0.3,-0.0,0.0,-0.0,-18.42,23.67,-95.64,9.944571383423218,0.0,-11.384671389249005,-15.429180465078085,0.6142107563800664
28654.0,9.92,-0.03,0.26,-0.01,0.03,0.0,-16.88,21.77,-94.15,9.923452020340502,1.811851635761533,-11.384671389249005,-15.429180465078085,0.6142107563800664
28731.0,9.94,-0.03,0.25,0.0,-0.01,-0.0,-17.05,23.67,-94.65,9.943188623374294,0.5729577951308232,-11.42878913947408,-15.296827214402862,0.6142107563800664
28806.0,9.95,-0.02,0.28,-0.0,0.0,-0.0,-17.05,23.67,-94.65,9.95395901136829,0.0,-11.42878913947408,-15.339799049037673,0.6142107563800664
28882.0,9.92,-0.05,0.26,-0.0,0.0,0.0,-17.39,23.67,-95.64,9.923532637120715,0.0,-11.42878913947408,-15.339799049037673,0.6142107563800664
28957.0,9.94,-0.03,0.29,-0.0,0.0,0.0,-17.39,23.67,-95.64,9.944274734740588,0.0,-11.42878913947408,-15.339799049037673,0.6142107563800664
29034.0,9.94,-0.03,0.31,0.0,-0.01,-0.0,-17.22,23.84,-94.48,9.944878078689552,0.5729577951308232,-11.42878913947408,-15.339799049037673,0.6142107563800664
29109.0,9.94,-0.04,0.3,0.0,-0.0,-0.0,-16.88,22.81,-94.81,9.944606578442407,0.0,-11.42878913947408,-15.382770883672487,0.6142107563800664
29186.0,9.94,-0.03,0.27,0.0,-0.01,-0.0,-16.88,22.81,-94.81,9.943711580692593,0.5729577951308232,-11.42878913947408,-15.382770883672487,0.6142107563800664
29261.0,9.95,-0.03,0.27,-0.0,0.0,-0.0,-16.7,23.33,-94.98,9.953707851850988,0.0,-11.42878913947408,-15.425742718307298,0.6142107563800664
29337.0,9.95,-0.04,0.29,0.0,0.0,-0.0,-16.7,23.33,-94.98,9.954305601095436,0.0,-11.42878913947408,-15.425742718307298,0.6142107563800664
29412.0,9.93,-0.04,0.26,0.0,-0.0,-0.0,-17.74,23.33,-95.64,9.933483779621326,0.0,-11.42878913947408,-15.425742718307298,0.6142107563800664
29488.0,9.94,-0.03,0.26,-0.0,0.0,0.0,-16.7,22.98,-94.98,9.943445077034417,0.0,-11.42878913947408,-15.425742718307298,0.6142107563800664
29564.0,9.94,-0.03,0.27,-0.0,0.01,0.0,-16.7,22.98,-94.98,9.943711580692593,0.5729577951308232,-11.42878913947408,-15.425742718307298,0.6142107563800664
29640.0,9.94,-0.03,0.28,-0.0,0.0,0.0,-15.33,23.33,-94.65,9.943988133540788,0.0,-11.42878913947408,-15.382197925877355,0.6142107563800664
29715.0,9.96,-0.04,0.3,0.0,0.0,-0.0,-15.33,23.33,-94.65,9.964597332556897,0.0,-11.42878913947408,-15.382197925877355,0.6142107563800664
29792.0,9.96,-0.05,0.32,0.0,-0.0,0.0,-18.6,24.19,-94.48,9.965264672852399,0.0,-11.42878913947408,-15.382197925877355,0.6142107563800664
29866.0,9.93,-0.04,0.28,0.0,-0.0,-0.0,-16.7,24.02,-94.98,9.93402738067497,0.0,-11.42878913947408,-15.382197925877355,0.6142107563800664
29943.0,9.96,-0.03,0.24,0.0,-0.01,-0.0,-16.7,24.02,-94.98,9.962936314159597,0.5729577951308232,-11.42878913947408,-15.382197925877355,0.6142107563800664
30019.0,9.91,-0.04,0.28,-0.0,0.01,-0.0,-16.7,22.63,-94.65,9.914035505282397,0.5729577951308232,-11.42878913947408,-15.425742718307298,0.6142107563800664
30096.0,9.96,-0.02,0.23,-0.0,-0.0,0.0,-16.7,22.63,-94.65,9.96267534350086,0.0,-11.42878913947408,-15.381624968082225,0.6142107563800664
